25 de mar√ßo de 2022,50,Atendimento Eudasio,"Restaurante com clima muito agrad√°vel, atra√ß√£o musical muito bom, atendimento do Eudasio perfeito, alimentos saborosos. Como todo restaurante RAIZ deve ser. Minha segunda casa"
20 de mar√ßo de 2022,50,Almo√ßo muito bom,Atendimento do gar√ßom Eudazio excelente. Comida muito gostosa e bem servida. Valeu a experi√™ncia da visita.
12 de mar√ßo de 2022,50,Restaurante aconchegante,"Espa√ßo agrad√°vel, comida saborosa e o atendimento excelente. A Larissa nos atendeu e foi maravilhosa."
12 de mar√ßo de 2022,50,Anivers√°rio,"Ambiente maravilhoso, fam√≠lia e atendimento gar√ßom Henrique top as comidas deliciosas, som agrad√°vel."
12 de mar√ßo de 2022,50,Raiz Cozinha Brasileira,"Pratos saborosos, pre√ßos competitivos, maravilhoso ambiente e atendimento de todos os colaboradores desde a entrada at√© a sa√≠da. Em especial atendimento pelo sr.Henrique."
12 de mar√ßo de 2022,50,Avalia√ßao,"Comida impec√°vel, saborosa, bem servida e bem apresentada. Ambiente sofisticado e confort√°vel e atendimento muito satisfat√≥rio, o gar√ßom Diego foi muito atencioso e educado."
28 de fevereiro de 2022,50,Atendimento incr√≠vel!,"Atendimento excelente! Eudasio √© extremamente profissional, atencioso e prestativo. Nos recebeu com todo carinho, indicou os melhores pedidos e forneceu um atendimento r√°pido e preciso, sem erros oi atrasos. Fiquei totalmente satisfeito e retornarei o quanto antes!"
28 de fevereiro de 2022,50,Almo√ßo,"Comida deliciosa, comida n√£o demora, chega super r√°pido. Renato que nos atendeu super atencioso e educado. Est√£o de parab√©ns üëèüèªüëèüèª"
26 de fevereiro de 2022,50,Excelente atendimento,Nota 1000. Eudasio foi muito atencioso e muito √°gil. Est√° de parab√©ns por sua experi√™ncia e trabalho
26 de fevereiro de 2022,50,Excelente trabalho.,"Muito bom o Atendimento do Eudasio, muito simp√°tico, atencioso e educado. S√≥ tenho que agradecer üòä‚ù§Ô∏è"
26 de fevereiro de 2022,50,Excelente. √≥timo atendimento,Atendimento √≥timo e a comida tamb√©m √© muito boa. Desejamos parab√©ns por tudo. Gostamos muito de tudo
26 de fevereiro de 2022,50,Anivers√°rio da Do Ceu,"Procurem o que o Eudasio! Atendimento maravilhoso, tudo impec√°vel! Obrigado pela recep√ß√£o‚Ä¶ Voltarei em breve!"
26 de fevereiro de 2022,50,Avaliacao,"Embiente e m√∫sica bem agrad√°veis, atendimento do gar√ßom Eudasio foi excelente. Com isso, voltaremos mais vezes."
26 de fevereiro de 2022,50,√ìtimo atendimento,"Parab√©ns pelo trabalho, Eudasio! Gar√ßom excelente! Comida muito gostosa tb e m√∫sica de qualidade. Voltaremos"
25 de fevereiro de 2022,50,Anivers√°rio de namoro,"Atendimento atencioso pelo Eudasio, pedidos entregues sem espera de pratos deliciosos e drinks saborosos."
24 de fevereiro de 2022,50,Super quinta-feira!,"Atendimento maravilhoso como sempre. Hoje atendidos pelo Eud√°sio, com m√∫sica do Dudu Santos e comidinha deliciosa!"
24 de fevereiro de 2022,50,√ìtimo atendimento.,"A experi√™ncia foi √≥tima, fomos atendidos pelo Eudasio, √≥timo atendimento, aten√ß√£o e excel√™ncia! Voltaremos mais vezes com certeza!"
24 de fevereiro de 2022,50,√ìtimo atendimento,"R√°pido demais, √≥timo atendimento e excelente ambiente. Continua assim vamos retorna em breve parab√©ns."
24 de fevereiro de 2022,50,Muito bom!,"N√£o conhecia, fui no hor√°rio do almo√ßo. Comida e atendimento muito bons! üëèüëèüëè Gar√ßom Eudasio. Voltarei para experimentar o caranguejo."
23 de fevereiro de 2022,40,Restaurante muito acolhedor,Comida √≥tima . Atendimento 10! Card√°pio variado. Pizza muito boa. So faltou o queijo a milanesa que tiraram do card√°pio.
17 de fevereiro de 2022,50,Recomendo com certeza o local,Otimo ambiente e decora√ß√£o. A comida veio r√°pida e bem servida. Grato ao atendimento do Sousa! Vale repetir a sobremesa.
16 de fevereiro de 2022,50,"Noite super agrad√°vel. Restaurante excelente, comida boa, m√∫sica boa. Servi√ßo e acolhimento est√£o de Parab√©nsüëèüèªüëèüèªüëèüèª",Excelente. Gar√ßom Ilario impec√°vel. Local muito bom para festas e eventos. Comida boa e cerveha gelada. Com certeza voltarei.
15 de fevereiro de 2022,50,Visita ao Raiz,"O atendimento do Souza √© t√£o bom quanto a comida. A comida veio r√°pida, bem servida e o local √© bem localizado."
13 de fevereiro de 2022,50,Jantar,"Atendimento do Sousa muito bom, comida tamb√©m e a sobremesa de sorvete de tapioca com geleia de cupua√ßu √© divina! Recomendo!!"
13 de fevereiro de 2022,50,Um agradecimento ao Sousa!,"Lugar maravilhoso, √≥timo atendimento e muito aconchegante. Agradecimento especial ao atendente Sousa, que nos atendeu muito bem e nos deixou √† vontade."
13 de fevereiro de 2022,40,Bom para domingo,"Bom ambiente, m√∫sica boa, comida bem servida com pre√ßo justo, atendimento excelente (gar√ßom Jos√© Andr√©)"
12 de fevereiro de 2022,50,Excelente,"√ìtimo atendimento. Renato nos atendeu muito bem, comida chegou bem r√°pido. Tem estacionamento no local"
12 de fevereiro de 2022,50,Excelente!!!,Os petiscos s√£o excelentes! Assim como o atendimento do Eud√°sio. Muito gentil e atencioso! Voltarei sempre!!!
11 de fevereiro de 2022,50,comida boa e bom atendimento.,excelente atendimento do sousa. otima comida. ambiente agradavel. vou voltar com certeza com os amigos.
8 de fevereiro de 2022,50,√ìtima comida e atendimento.,"√ìtima comida e atendimento! Ambiente muito bom, bonito, regional e descontraido. Boas recomenda√ß√µes de pratos e bom atendimento do Sousa."
8 de fevereiro de 2022,50,Restaurante muito bom,"Restaurante com a comida muito saborosa √© bem servida, sem demora para ser entregue a mesa, ambiente bem amplo e arejado, atendimento muito bom e m√∫sica boa."
8 de fevereiro de 2022,50,Excelente comida e atendimento,"Comida muito boa, indico que comam as pizzas que s√£o de excelentes ingredientes e t√™m sabor muito bom. O ambiente √© aberto e ventilado, a m√∫sica √© suave e ac√∫stica ao vivo. O atendimento √© muito bom e as pessoas cordiais."
6 de fevereiro de 2022,50,O,Atendimento maravilhoso e comida maravilhosa üòª Fui acompanhado por uma atende muito atenciosa Larissa üëèüèº
6 de fevereiro de 2022,50,Visite!,"Excelente ambiente, bastante arejado, excelente atendimento e m√∫sica agradabil√≠ssima! Voltaremos, com toda certeza!"
4 de fevereiro de 2022,50,Niver anita,"Foi √≥timo! Drink bafo de calango excelente. Comidinhas maravilhosas, amei tudo!!!!!! Voltarei sempre!"
4 de fevereiro de 2022,50,Eudasio,"√ìtimo ambiente, √≥timo atendimento, comida servida rapidamente! S√≥ poderia ser mais bem ventilado o local"
4 de fevereiro de 2022,40,Eudasio,"Otimo atendimento do gar√ßom eudasio. E otima comida do local!! Vim com minha noiva, voltaria novamente!"
31 de janeiro de 2022,50,Almo√ßo,Gar√ßom Souza muito atencioso e atendimento √≥timo. Comida maravilhosa tamb√©m e cerveja gelada. M√∫sica ambiente muito boa. Parab√©ns
31 de janeiro de 2022,50,Restaurante raiz,"Souza realizou um √≥timo atendimento, comida bem servida e deliciosa!! Gostei do ambiente e da m√∫sica."
29 de janeiro de 2022,50,Ambiente agrad√°vel para toda fam√≠lia,"Gar√ßom Eud√°sio nos atendeu super bem. Ambiente muito agrad√°vel, m√∫sica boa, recebemos nossa refei√ß√£o r√°pido e estava tudo muito bom!"
29 de janeiro de 2022,50,Atendimento e Comida Excelente,Comida excelente. Pedimos um churrasco. A cuiabana √© muito boa. Tudo estava delicioso e o atendimento do Sousa foi incr√≠vel!
29 de janeiro de 2022,50,Excelente experi√™ncia,"Boa experi√™ncia gastron√¥mica, excelente atendimento do Eudasio. Pre√ßos condizentes com a qualidade. :)"
29 de janeiro de 2022,50,Excelente!,"Excelente atendimento do gar√ßom Eudasio. Al√©m disso, muito boa a comida. Recomento demais o restaurante!!! Voltaria com certeza"
27 de janeiro de 2022,50,Atendimento,"‚Ä¶..tudo no estabelecimento √© √≥timo Atendimento diferenciado, todos muito atenciosos Eud√°sio especialmente"
26 de janeiro de 2022,50,"Boa comida, ambiente agrad√°vel","Gostei muito do restaurante. Um bom atendimento, comida boa (petisquei e n√£o cheguei a pedir um prato, mas os petiscos pedidos estavam muito bons), drink gostoso e sobremesa bem gostosa. M√∫sica agrad√°vel e boa. Recomendo."
25 de janeiro de 2022,50,Atendimento √≥timo e comida saborosa.,"Atendimento muito bom, gar√ßom indica bons pratos, esclarece os mesmos. Ambiente agrad√°vel, arejado e boa m√∫sica. Pratos bem servidos e saborosos."
25 de janeiro de 2022,50,Excelente restaurante,Excelente restaurante. Bom atendimento. Boa comida. Boa m√∫sica. Super recomendo. Fomos muito bem atendidos pelo Jos√© Andr√©.
25 de janeiro de 2022,50,Comida maravilhosa,"Pratos bem servidos e frescos. Frutos do mar, comida regional e drinks especiais. Pessoal gentil. Estacionamento no local."
25 de janeiro de 2022,50,"Almo√ßo em fam√≠lia regado a muita comida boa e regional. Atendimento perfeito, comida irretoc√°vel, bem servida.","Tudo perfeito. Almo√ßo em fam√≠lia regado a muita comida boa e regional. Atendimento perfeito, comida irretoc√°vel, bem servida."
24 de janeiro de 2022,50,Excelente lugar.,"Ambiente top. M√∫sica agrad√°vel, pra quem gosta de um lugar mais calmo, √© uma boa op√ß√£o. E atendimento excelente."
23 de janeiro de 2022,50,Almo√ßo de domingo,Pedimos Barreado e foi servido super para duas pessoas! Comida bem temperada e mega saborosa! Recomendo!
22 de janeiro de 2022,50,Anivers√°rio,"Local muito agrad√°vel, boa musica e um bom atendimento. Formos atendidos pelo Eudasio, que foi muito atencioso. üëè"
22 de janeiro de 2022,50,Aniver do Marcelo Tinta e Teis,"Excelente atendimento com o Eudasio Jantar estava uma del√≠cia Banheiro tamb√©m excelente Gosto de MPB n√£o, poderia ter sido um reggae"
22 de janeiro de 2022,50,Anivers√°rio,Muito bom. Excelente Bom Gostei Prestativo Otimo Atendimento muito bom Limpeza do local muito boa Atencao
22 de janeiro de 2022,50,Restaurante Raiz,"Atendimento top Diego, Larissa, Eudasio e Leandro. Comida deliciosa, m√∫sica de primeira qualidade e ambiente arejado √© super bonito."
22 de janeiro de 2022,50,Excelente atendimento,"√ìtimo atendimento, super atencioso, com respeito, nos ajudou quando v√≥s pedimos a comida. Eud√°sio muito bom!!"
19 de janeiro de 2022,50,Hapy hour,"Excelente atendimento de Ilario e Diego, ambiente agradavel. Espa√ßo para pet comida deliciosa musica de primeira"
18 de janeiro de 2022,50,"Larissa atendente, muito atenciosa",Atendimento muito boam volto outras vezes. Atendimento muito especial!! M√∫sica boa e comida gostosa!!!
18 de janeiro de 2022,50,Jantar,"10!! Atendimento do gar√ßom Sousa excelente! Comida muito boa, ambiente agrad√°vel! M√∫sica ao vivo √≥tima tb"
18 de janeiro de 2022,50,Jantar,"Comida maravilhosa, atendimento excepcional e ambiente agrad√°vel!! Voltarei outras vezes! Gar√ßom Souza super simp√°tico !"
18 de janeiro de 2022,50,Recomendado,"Adoramos o lugar, mt ventilado, arquitetura e conforto chamam aten√ß√£o. Otima comida e atendimento do Jose Andr√© foi de 1a!"
16 de janeiro de 2022,50,Jantar,"Atendimento excelente, comida maravilhosa e veio super r√°pida e quentinha A sobremesa COCADA DA V√ì Helena √© divina! Il√°rio foi muito atencioso"
16 de janeiro de 2022,50,Jantar,Comida maravilhosa üëèüëèüëèüëè Fomos muito bem recebidos pelo Il√°rio!!! Recomendo!!! M√∫sica ao vivo excelente!!!
14 de janeiro de 2022,50,Excelente comida t√≠pica,"Comida excelente e √≥timo atendimento do gar√ßom Souza. Ambiente super aconchegante, a gente se sente muito confort√°vel."
13 de janeiro de 2022,50,Ideal para turistas,"Como em outros coment√°rios aqui, gostaria de ratificar que o Sousa √© o cara que nos atendeu aqui e ele √© fera! O restaurante tem card√°pio extenso e √© ideal para confraterniza√ß√£o pois tem comida boa e coisas locais."
11 de janeiro de 2022,40,Jantar a dois,"Comida muito boa. Fomos atendidos pelo Souza, gente boa! Card√°pio que remete a todas as regi√µes do pa√≠s"
11 de janeiro de 2022,50,Atendimento,"Gar√ßom Sousa maravilhoso atendimento excelente, comida maravilhosa. Muita boa e tranquilo, voltarei mais vezes"
11 de janeiro de 2022,50,"Bom, gostoso e barato","Comida boa, atendimento primoroso e muito r√°pido, pre√ßo justo, ambiente muito agrad√°vel e bem localizado. Recomendo!!"
11 de janeiro de 2022,50,Almo√ßo em fam√≠lia,"Atendimento excelente . Comida boa . Gar√ßon Eud√°sio, tem atendimento especial. Recebemos um mimo pelo anivers√°rio do meu filho , de surpresa. Com certeza voltaremos sempre !"
8 de janeiro de 2022,50,Melhor restaurante de comida brasileira de fortaleza,"Muito boa a comida, pre√ßo, m√∫sica e nervos do local! O raiz surpreende sempre que venho, √≥timo atendimento e comida de muita qualidade!"
8 de janeiro de 2022,50,Aten√ß√£o e proatividade,"Atencios√≠ssimo, educado e proativo. Drinks chegaram rapidamente e a simpatia manteve-se intacta at√© o fim."
8 de janeiro de 2022,50,√ìtimo ambiente e atendimento excelente,"M√∫sica muito boa, atendimento excelente, com destaque para os gar√ßons Eud√°sio e Renato, muito atenciosos durante toda a nossa perman√™ncia."
8 de janeiro de 2022,50,Atendimento Eudasio,Fui muito bem atendido pelo gar√ßom Eudasio. E a comida tamb√©m estava apetitosa. Clima agrad√°vel para um almo√ßo de s√°bado/domingo.
8 de janeiro de 2022,40,Restaurante ra√≠z,Seu Eud√°sio muito prestativo e atencioso. Tenho intoler√¢ncia a lactose e o restaurante tem boas op√ß√µes para a minha restri√ß√£o. Indico a moqueca de banana da terra. Muito bem servida. üòä
6 de janeiro de 2022,50,Restaurante espetacular,"Restaurante com cozinha espetacular, com pre√ßos justos e um ambiente muito agrad√°vel. Perfeito para vir com fam√≠lia e amigos."
5 de janeiro de 2022,50,Excelente,"Atendimento excelente, o gar√ßom Mateus e o Sr Carlos nos atenderam muito bem, e a comida estava saborosa, com pre√ßo justo, e na quantidade correta."
5 de janeiro de 2022,50,Excelente,"Comida maravilhosa, m√∫sica ao vivo.. uma delicia! Sem contar o atendimento excelente do nosso amigo, Jos√© Andr√©!"
5 de janeiro de 2022,50,RAIZ: COMIDA E M√öSICA BOA,"Amo esse local, super agrad√°vel, decora√ß√£o aconchegante, card√°pio variado e comida deliciosa. O atendimento √© maravilhoso, Jos√© Andr√© sempre mto educado. solicito e atencioso."
21 de dezembro de 2021,50,Fant√°stico,"Ambiente maravilhoso, m√∫sica excelente, comida deliciosa, espa√ßo Kids com recreador e o atendimento excepcional do Eudasio. Show!"
20 de dezembro de 2021,50,Raiz,"Comida e atendimento excelentes, pelo gar√ßom Souza üëèüèΩüëèüèΩ M√∫sica ao vivo muito agrad√°vel! Ambiente lindo e muito bem decorado!"
20 de dezembro de 2021,40,Confra,"Bom atendimento, √≥timas entradas, ponto da carne estava excelente. N√£o recomendo caipifruta de umbu caja, mas o Leriado estava excelente."
20 de dezembro de 2021,50,Confraterniza√ß√£o,Confraterniza√ß√£o no espa√ßo reservado do restaurante. √ìtimo atendimento desde o contato de reserva at√© o atendimento dos gar√ßons.
20 de dezembro de 2021,50,√ìtimo atendimento e √≥tima comida,√ìtima comida e √≥timo atendimento. Card√°pio bem variado com comidas regionais deliciosas. Atendimento muito acolhedor. Gar√ßom Eud√°sio super atencioso.
19 de dezembro de 2021,50,Excelente,Atendimento excelente e a comida muito boa. Um lugar agrad√°vel para vir com a fam√≠lia e os amigos. Indico demais esse lugar.
16 de dezembro de 2021,30,Primeira vez. Turismo.,"Um pouco confuso o atendimento, banheiro n√£o ideal e n√£o condizente com o pre√ßo cobrado. Por outro lado, a comida √© muito boa e a arquitetura tamb√©m."
16 de dezembro de 2021,50,Vale a pena,"Biente super agrad√°vel, boa vontade no servi√ßo, mas os gar√ßons s√£o meio perdidos. A comida √© √≥tima, variada e saborosa."
16 de dezembro de 2021,50,Melhor restaurante de fortaleza,"Excelente atendimento, m√∫sica maravilhosa e comida melhor ainda! O gar√ßom Eudasio nos atendeu super bem."
16 de dezembro de 2021,40,Almo√ßo de quinta,Restaurante com √≥timas op√ß√µes. A salada caipira √© maravilhosa e as carnes macias e suculentas. Recomendo. O garcon Eudasio super atencioso
12 de dezembro de 2021,50,√ìtimo para grupos,Churrasco brasileiro pra 4 pessoas serviu 6 muito bem! Gar√ßom Luis Ant√¥nio muito atencioso! Local ventilado e com m√∫sica brasileira
12 de dezembro de 2021,50,Excelente experi√™ncia,"Comida de boa qualidade e quantidade, ambiente espa√ßoso, boa m√∫sica, bom atendimento e rapidez do pedido chegan√ßo a mesa."
11 de dezembro de 2021,50,Excelente comida e atendimento √≥timo,O ambiente √© aberto e muito bem ventilado. Tamb√©m √© poss√≠vel ficar em ambiente climatizado. A comida √© excelente. Posso pedir qualquer coisa do card√°pio e vou ter certeza que vai ser uma boa experi√™ncia.
11 de dezembro de 2021,50,almo√ßo de sabado,"otima m√∫sica, comida deliciosa. voltarei com certeza! atendimento muito bom tambem, altamente recomend√°vel"
10 de dezembro de 2021,50,Restaurante raiz,Melhor atendimento!!! Larissa sempre dispon√≠vel para melhor atender. Comida muito saborosa e o atendimento da Larissa foi excelente. Vale a pena voltar!!!!!
2 de dezembro de 2021,50,√ìtimo atendimento!,"√ìtimo atendimento da Aline, foi muito carism√°tica e gente boa, deu √≥timas op√ß√µes de escolha, recomendo muito a excelente profissional!"
2 de dezembro de 2021,50,Gastronomia + m√∫sica,"Excelente gastronomia, m√∫sica, atmosfera, bebidas e atendimento!! Muito boa a experi√™ncia. Voltarei outras vezes com certeza."
29 de novembro de 2021,50,Comida boa,"Muinto bom atendimento pelo Eudasio nota dez , muito satisfeito com o ambiente calmo arejado boa ilumina√ß√£o"
19 de novembro de 2021,50,Gar√ßom eudasio,Gar√ßom eudasio fera demais! √ìtimo atendimento gente fina demais!! Ambiente agrad√°vel para fam√≠lia e amigos
17 de novembro de 2021,50,Melhor Restaurante de Fortaleza,Foi ao Restaurante no Domingo e fui atendida pela garconete Larissa atendimento espetacular e sem falar da comida muito saborosa Voltarei concerteza üëè
16 de novembro de 2021,50,Tive presente neste local.maravilhoso fui bem atendido pelo meu amigo Eudazio#voutareioutravez(confraterniza√ß√£o cn,Gostei e recomendo o espa√ßo √≥timo atendimento excelente enfim ambiente muito agrad√°vel para casais e fam√≠lia
15 de novembro de 2021,50,Excelente,"Restaurante/ bar sensacional, MPB de alt√≠ssima qualidade, comidas boas e bom pre√ßo! Atendimento da gar√ßonete Aline e demais gar√ßons excelente, a recepcionista Rayssa tamb√©m muito simp√°tica e pr√≥ ativa! Adoro aqui!"
15 de novembro de 2021,50,Nota 10!,"Atendimento √≥timo, ambiente super agrad√°vel, comida boa e pre√ßo acess√≠vel. Alem de ter espa√ßo kids para as crian√ßas. Voltarei com certeza."
15 de novembro de 2021,50,Recomendo,√ìtimo atendimento e comidas. Atendimento do Eudasio gar√ßom muito bom. Excelente localiza√ß√£o do restaurante
15 de novembro de 2021,50,Recomendo,"Recomendo, ambiente agrad√°vel, estacionamento pr√≥prio, espa√ßo kids e card√°pio variado com √≥timas op√ß√µes regionais e bom custo benef√≠cio. Atendimento primeira qualidade do gar√ßom Eudasio."
14 de novembro de 2021,50,Aproveitando a vida!,Fomos atendidos pelo Eudasio de forma excelente! Ambiente fam√≠liar e comida excelente! Vamos voltar com certeza! Meu cachorro SETH adorou o lugar tamb√©m!
12 de novembro de 2021,50,Comida de qualidade,"Tudo muito gostoso, ambiente agrad√°vel, m√∫sica boa e atendimento de qualidade. Recomendo o dadinho de tapioca com charque"
9 de novembro de 2021,50,Recomendo,"Atendimento e comida maravilhosos! Atendimento do Eudasio 100%! Salada, chambaril, peixe e drinks s√£o diferenciais!"
9 de novembro de 2021,50,Cozinha bem Brasileira,"Restaurante especializado na cozinha Brasileira, pratos com sabor sem igual, ambiente amplo e pre√ßo justo. Tem parquinho infantil e musica ao vivo."
5 de novembro de 2021,50,Anivers√°rio Ronaldo,√ìtima. Destaque para o gar√ßom Diego. Muito atencioso. Prestativo. Comida sempre muito boa. Bebida na medida certa
2 de novembro de 2021,50,Excelente comida e atendimento. Gar√ßom Eudasio muito simp√°tico e eficiente.,"Excelente comida e atendimento. Gar√ßom Eudasio muito simp√°tico e eficiente, m√∫sica boa, decora√ß√£o linda!"
2 de novembro de 2021,50,Nilton,"Local e gar√ßom maravilhosos! Gostei da m√∫sica e da luz, s√≥ devia ser mais ventilado! Carne e tudo que comi estavam com tempero e ponto √≥timos!"
30 de outubro de 2021,50,Local muito agrad√°vel e acolhedor com √≥timo atendimento,Excelente local pra levar fam√≠lia e desfrutar de um √≥timo churrasco com direito ao chopp da brama geladissimo
26 de outubro de 2021,50,Recomendo,"Muito bem atendida pelo gar√ßom Eudasio. Comida boa e ambiente muito bonito e bem organizado. Almo√ßo para duas pessoas, numa ter√ßa feira."
25 de outubro de 2021,50,Lugar lindo e aconchegante,Fomos jantar no Raiz j√° bastante tarde e mesmo fomos super bem atendidos. O ambiente √© uma del√≠cia e os pre√ßos s√£o bastante justos. A comida √© bem gostosa e os atendentes educados e prestativos.
24 de outubro de 2021,50,Otimo,"√ìtima comida e √≥timo atendimento do eud√°sio atendimento com alegria , disposi√ß√£o e dispon√≠bilidade!!!!!!!!!!!!!!!"
23 de outubro de 2021,50,"Samba, amigos e cerveja","Um lugar incr√≠vel com m√∫sica boa, cerveja gelada e comidinhas deliciosas. Melhor pedida para o fim de semana. Parab√©ns para o atendimento do Eud√°sio."
23 de outubro de 2021,50,√ìtimo atendimento.,Excelente atendimento. Comida saborosa. Cerveja gelada. M√∫sica excelente e harmoniosa. Local pra vir com fam√≠lia e ou amigos.
22 de outubro de 2021,50,Excelente atendimento,"Encontro com os amigos! Fomos atendidos pelo Eud√°sio, sempre muito prestativo e proativo! Comida boa! A banda √© maravilhosa!!!"
22 de outubro de 2021,50,Comida e atendimento excelente.,"O atendimento sempre √© maravilhoso, a comida maravilhosa e a m√∫sica sempre agrad√°vel. Ambiente ventilado, um dos melhores restaurantes de Fortaleza."
21 de outubro de 2021,50,Restaurante maravilhoso!!,"Quinta do carangueijo maravilhosa!! Atendimento do garcon Eudasio de primeira, muito atencioso e gentil!!! Amamos a experi√™ncia, Obrigada!!"
11 de outubro de 2021,50,Restaurante Maravilhoso,"Excelente, experi√™ncia Maravilhosa, atendimento do Eudasio Excelente, a comida muito bem servida e deliciosa, a sobremesa de cocada nota 10"
11 de outubro de 2021,50,Almo√ßo,Excelente comida e atendimento. Fui atendido pelo Eudasio. Super atencioso. Restaurante bonito e arejado. Ideal para a fam√≠lia e amigos.
10 de outubro de 2021,50,Excelente!,"Ambiente bastante agrad√°vel, bem ventilado, n√£o d√° pra se incomodar com uma conversa da mesa ao lado. Pedimos o Barreado, lingui√ßa cuiabana e p√£o de alho. Tudo muito gostoso e muito bem apresentado pelo Gar√ßom Eud√°sio. Almo√ßo de domingo."
8 de outubro de 2021,50,Happyhour,"Visita muito agrad√°vel ao restaurante Raiz cozinha cearense Fomos muito bem atendidos pelo gar√ßom Eudasio, mas todos os funcion√°rios s√£o muito educados e atenciosos Voltaremos outras vezes com certeza."
3 de outubro de 2021,50,Restaurante agrad√°vel e m√∫sica boa!,"Restaurante agrad√°vel, atendimento de excel√™ncia, comida excelente e m√∫sica muito boa. Vale a pena conferir!"
3 de outubro de 2021,50,Almo√ßo nas f√©rias,"Fomos atendidos por Eud√°sio. Tudo perfeito! Comida boa, bom custo/benef√≠cio, √≥timo atendimento, lugar agrad√°vel"
30 de setembro de 2021,50,Excelente experi√™ncia,"Muito bom o atendimento do Eudasio, a comida muito saborosa, recomendo o bolinho de feijoada e o carqnguejo! Ambiente agrad√°vel e estacionamento satisfat√≥rio!"
28 de setembro de 2021,50,Jantar a dois,"Um ambiente muito tranquilo , comida muito boa ! Um √≥timo atendimento pelo gar√ßom Eudasio . Iremos voltar mais vezes !"
26 de setembro de 2021,50,Tudo uma del√≠cia,√ìtimo atendimento. O gar√ßom Eud√°sio muito prestativo e simp√°tico. A comida estava uma del√≠cia. O Camar√£o no Jerimum excelente.
25 de setembro de 2021,50,experi√™ncia muito boa,"Restaurante muito bom, comida muito boa, fomos atendidos pelo gar√ßom Eudasio e pense em um atendimento top. Solicito, r√°pido e educado. A casa t√° de parab√©ns no treinamento de seus colaboradores."
24 de setembro de 2021,20,Boa comida.,"Boa comida, bom atendimento do gar√ßom Eudazio. Mas, a m√∫sica √© p√©ssima, cobram convert para m√∫sica de p√©ssima qualidade e som estridente, n√£o dava pra conversar!"
24 de setembro de 2021,50,Avalia√ß√£o Raiz,"Excelente atendimento do gar√ßom Eudasio, super atencioso, gente boa demais, voltarei mais vezes!!!!!"
19 de setembro de 2021,50,Comemora√ß√£o de anivers√°rio,"Adoro este restaurante, atendimento, comida, localiza√ß√£o. Comemora√ß√£o do meu anivers√°rio com direito a sobremesa."
19 de setembro de 2021,50,Avalia√ß√£o de atendimento,"Muito bom a recomenda√ß√£o do gar√ßom, √≥timo atendimento, s√≥ precisa diminuir o som do cover, √© um pouco dif√≠cil manter um di√°logo se for acompanhado."
19 de setembro de 2021,50,Almo√ßo de domingo,"Comida muito boa, fomos atendidos por um excelente gar√ßom (Eud√°sio). Recomendo! Ambiente para amigos!"
19 de setembro de 2021,50,Almo√ßo,"Recomendo bastante o Raiz! Card√°pio bem diversificado, √≥timo ambiente, comida e atendimento excelentes!"
19 de setembro de 2021,50,Almo√ßo,"Comida boa, de qualidade. Ambiente climatizado. Atendimento excelente, banheiros limpos. Gar√ßom eudasio"
19 de setembro de 2021,50,√ìtimo servi√ßo Eudasio,"√ìtimo servi√ßo de atendimento, pessoal muito educado e simp√°ticos. Comida maravilhosa. Local bem calmo e com um √≥timo parquinho para crian√ßas."
18 de setembro de 2021,40,"Comida boa, atendimento bom","Ambiente agrad√°vel e comida boa. Fui atendido pelo gar√ßom Eudasio, nota 10! Pretendo voltar novamente em uma pr√≥xima oportunidade."
17 de setembro de 2021,50,Excelente,Excelente atendimento do Eud√°sio Excelente atendimento do gar√ßom Eud√°sio. Boa m√∫sica. √ìtima gastronomia. Ambiente agrad√°vel‚Ä¶‚Ä¶
17 de setembro de 2021,50,Jantar com amigos,"Local excelente, atendimento do gar√ßom Eudasio com um cuidado incr√≠vel com os clientes. Comida muito boa e cerveja no ponto certo."
17 de setembro de 2021,50,Cliente satisfeita,"Ambiente maravilhoso, comida excelente e o que mais me admirei foi a gentileza e simpatia do sr. Wagner."
14 de setembro de 2021,50,Comida excelente,"Recomendo por ser um lugar aconchegante e com atendimento que valoriza seu conforto, a comia simplesmente perfeita ü§©"
12 de setembro de 2021,50,Atendimento excelente,"O atendimento √© r√°pido e muito educado, o eudasio foi r√°pido e sempre pronto pra atender, muito bom."
12 de setembro de 2021,50,Um lugar pra se sentir em casa,"Eu sou f√£ do restaurante: comida excelente, atendimento 100% e um ambiente ventilado com m√∫sica de qualidade."
12 de setembro de 2021,50,Excelente atendimento,O Eud√°sio nos atendeu t√£o bem que nos sentimos em casa. Comida maravilhosa e m√∫sica √≥tima! Voltarei mais vezes.
11 de setembro de 2021,50,Feijoada aos s√°bados com pagode,"Tudo maravilhoso. Vir com a fam√≠lia aos s√°bados, com um pagode fant√°stico e excelente ambiente.Comida gostosa, pre√ßo convidativo. Vale a pena"
11 de setembro de 2021,50,Excelente,"Atendimento dos melhores de Fortaleza. Bebida gelada, comida boa, gar√ßom Eudasio excelente. Voltaremos com certeza."
11 de setembro de 2021,50,Excelente restaurante,Excelente comida e atendimento! Gar√ßom Vagner fez nos sentirmos em casa! A picanha estava excelente e o bolinho de feijoada tbm! Voltarei com ctz.
10 de setembro de 2021,50,Atendimento top,Adorei! O Wagner √© atencioso e muito profissional. Obrigada pelo atendimento acolhedor Wagner! Pizza muuuuito boa! üëçüèª
10 de setembro de 2021,50,Jantar,Comida √≥titima! PIZZAS maravilhoso! Drinks de YPioca otimos! Recomendo caipirinha dois lim√µes com Ypioca Ouro.
10 de setembro de 2021,50,"Bom tempero, bom atendimento e bem servido","Super recomendo. √â a 2a vez que venho e tive boas experi√™ncias. Super recomendo o Peixe Fortaleza (Peixe ao molho com camarao). Atendimento muito bom, em especial do Wagner."
9 de setembro de 2021,50,Excelente!,"Excelentes pratos, drinks gostosos, m√∫sica ao vivo boa. Muito bem atendidos pelo Eudasio! Recomendo e voltaremos com certeza!"
7 de setembro de 2021,50,Noite de amigos,Atendimento perfeito: Ronaldo e Jo√£o Paulo . Combo promocional perfeito.bolinhos deliciosos e cerveja gelada Parab√©ns pela parte promocional
7 de setembro de 2021,50,P√≥s manifesta√ß√£o Pr√≥ Bolsonaro,Excelente atendimento dos gar√ßons Jo√£o Paulo e Ronaldo! Al√©m de um ambiente muito agrad√°vel! Parab√©ns!
7 de setembro de 2021,50,Avalia√ß√£o do atendimento,"Gostaria de agradecer o excelente atendimento prestado pela gar√ßonete Maria. Sol√≠cita, educada, sempre com vontade de agradar o cliente."
7 de setembro de 2021,50,Bom atendimento,"Tudo incr√≠vel, maravilhoso, os cocos gelados e doces, atendimento impec√°vel, fomos atendidos pelo Wagner, muito sol√≠cito"
6 de setembro de 2021,50,Anivers√°rio de Casamento,"Local incr√≠vel, comida excelente e ambiente super agrad√°vel e atendimento impec√°vel! Perfeito. Amamos e voltaremos mais vezes com certeza."
6 de setembro de 2021,50,√ìtimo atendimento!,"Ambiente agrad√°vel, boa m√∫sica e atendimento espetacular do Eudasio!! Muito bom!! Fant√°stico!! Recomendo!!"
6 de setembro de 2021,50,Show,"Restaurante central. S√≥ chegar e falar com o gar√ßom Eudasio, atendimento nota 10. Custo e benef√≠cio bom."
5 de setembro de 2021,50,√ìtimo ambiente!,"O restaurante √© muito bacana. Pre√ßo acess√≠vel para o ambiente. Bom para vir com a fam√≠lia! O atendimenro do Wagner e Eudezio √© muito bom! As duas vezes que fui, recomendo!"
5 de setembro de 2021,50,Excelente gastronomia regional.,Excelente comida e atendimento. O Wagner foi super atencioso. Restaurante e pessoal nota 10! Custo beneficio muito bom...e sempre tem uma m√∫sica ao vivo de primeira.
5 de setembro de 2021,50,Almo√ßo com a fam√≠lia,"Atendimento excelente, profissional atencioso, gentil e uma comida maravilhosa. Recomendo a parte externa do restaurante por ser bastante ventilada."
5 de setembro de 2021,50,Almo√ßo lindo,"√ìtimo atendimento do gar√ßom Eudasio, o homem √© bom de verdade!!! Comida estava muito boa!!! Retornarei."
4 de setembro de 2021,50,Atendimento,"Atendimento maravilhoso, comida espet√°cular! Certeza vamos voltar mais vezes! Destaque para o gar√ßom Eud√°zio que nos atendeu muito bem!"
4 de setembro de 2021,50,Atendimento,"atendidos pelo Eud√°sio .atendimento maravilhoso, cordial, simp√°tico e divertido. Comidas TOP. Voltaremos com certeza!"
4 de setembro de 2021,50,Jantar incr√≠vel!,"A comida √© maravilhosa, mas o atendimento √© o diferencial! Somos clientes frequentes, mas cada prato √© uma experi√™ncia incr√≠vel ü•∞"
4 de setembro de 2021,50,Almo√ßo com amigos,Muito bem atendido pelo Eudazio. Comida excelente. Arroz de camar√£o um espet√°culo. Entrada de bolinho de feijoada e pirarucu maravilhosos.
4 de setembro de 2021,50,Atendimento Eud√°sio,"Parab√©ns a todos do restaurante, em especial ao colaborador Eud√°sio, pessoa muito simp√°tica, atendimento maravilhoso e muito educado! Sempre sou atendida por ele e sempre tratada muito bem!"
4 de setembro de 2021,50,Otima comida e atendimento,Comi um file luxo da aldeia. Otimo prato. Fui atendido pel o Sr. Eudasio. Muito atencioso e cortez!!
4 de setembro de 2021,50,"Atendimento legal, gentil,","Atendimento legal, gentil, parab√©ns! Comida maravilhosa! Raiz de verdade com toque de chef! Recomendado!"
4 de setembro de 2021,50,Atendimento muito bom.,"√ìtimo atendimento e comida regional de primeira. Fomos muito bem atendidos pelo gar√ßom Wagner, nota 10....."
3 de setembro de 2021,50,Atendimento muito bom do gar√ßom Wagner.,"Atendimento muito bom do gar√ßom Wagner, comida boa, cerveja gelada, sobremesa de cocada muito gostosa. Card√°pio diversificado"
3 de setembro de 2021,50,Experi√™ncia √≥tima,Experi√™ncia maravilhosa. √ìtimos drinks e comida saborosa. Indico o feij√£o verde com carne de sol. Comi tamb√©m casquinha de carangueijo deliciosa.
3 de setembro de 2021,50,Almo√ßo maravilhoso,"Foi um almo√ßo muito agrad√°vel, com m√∫sica ao vivo maravilhosa e com um atendimento otimo do Wagner. Super indico o estabelecimento"
2 de setembro de 2021,50,Jantar de amigos,"Comida gostosa Drinks na medida Ambiente agrad√°vel M√∫sica boa Gar√ßons atentos e profissionais. Em especial, gar√ßom Wagner. Recomendo. Voltarei mais vezes"
2 de setembro de 2021,50,Impec√°vel,Comida deliciosa com bons pre√ßos. Atendimento atencioso e aconchegante. O gar√ßom Renato muito gente fina. Ambiente muito agrad√°vel e arejado. Voltarei mais vezes com certeza!
1 de setembro de 2021,50,Fant√°stico,Local fant√°stico e atendimento melhor ainda! Gar√ßom Wagner simplesmente fant√°stico! Muito atencioso e simp√°tico! Procurem o Wagner que com ctz ter√£o o melhor atendimento!
31 de agosto de 2021,50,Pizza de abacaxi a melhor!!!,"Pedimos uma picanha fatiada dos deuses!!a melhor que j√° degustamos. Bai√£o bem cremoso uma macaxeira ao leite q estava um espet√°culo. Melhor mesmo foi a sugest√£o do gar√ßom wagner,uma cocada com sorvete!! Obrigado sr wagner vc √© um exemplo de profissional. Voltaremos .ais vezes."
29 de agosto de 2021,50,Restaurante Raiz experi√™ncia incrivel,"Comida excelente, m√∫sica muito boa, gar√ßom Vagner e extremamente atencioso! Nota 1000. Estabelecimento maravilhoso para levar as crian√ßas, conta com uma √≥tima estrutura de playground"
28 de agosto de 2021,50,Jantar em fam√≠lia com crian√ßas,"Excelente ambiente. Funcion√°rios super atenciosos e simp√°ticos, principalmente Wagner. Parquinho √≥timo para as crian√ßas."
28 de agosto de 2021,50,√ìtimo atendimento,"O Gar√ßom Wagner atende muito bem. Excel√™ncia no atendimento, sempre prestativo, atencioso. Refer√™ncia em empatia e cuidado com o cliente. Parab√©ns RAIZ. Parab√©ns Wagner, continue assim, humilde e sempre a disposi√ß√£o."
27 de agosto de 2021,50,Raiz,"Ambiente √≥timo, comida maravilhosa e atendimento impec√°vel. Gar√ßom Wagner nos atendeu perfeitamente. Com certeza voltaremos."
26 de agosto de 2021,50,Atendimento do Wagner,"√ìtima experi√™ncia, Wagner atende perfeitamente bem! Comida e drinks √≥timos, voltaremos sempre. M√∫sica √≥tima!"
26 de agosto de 2021,50,Raiz,"√ìtimo atendimento, comida excelente. Atendimento do Wagner excelente . M√∫sica ao vivo . Lugar bem conceituado."
25 de agosto de 2021,50,Vontade de comer acaraj√©,Encontro entre amigos para comer acaraj√©. Muito satisfeita com atendimento exemplar do gar√ßom Wagner.
24 de agosto de 2021,50,Almo√ßo executivo,"Comida excelente, pratos executivos bem servidos (quase n√£o consegui comer tudo!). Os pre√ßos s√£o m√©dios, mas o atendimento compensa, o sr. Eud√°sio nos recebeu muito bem. Vou voltar com certeza."
24 de agosto de 2021,50,Almo√ßo com amigos,"Ambiente bastante agrad√°vel e confort√°vel, card√°pio de encher os olhos, atendimento (Eudasio) com muita aten√ß√£o e carisma."
23 de agosto de 2021,50,Cerveja geladerrima,"Cerveja de dar √°gua na boca!! Petiscos para todos os gostos e um atendimento perfeito do gar√ßom Wagner.,,,"
22 de agosto de 2021,50,Excelente atendimento,Fomos muito bem atendido pelo gar√ßom eudasio. Comida muito boa. Pedimos uma carne de sol com arroz biro biro e macaxeira frita. Recomendoo !
22 de agosto de 2021,50,Excelente almo√ßo,"Restaurante muito agrad√°vel. Musica boa e de excelente repert√≥rio. Comida brasileira e regional √≥tima, bem servida e de pre√ßo justo. Parab√©ns ao senhor eudazio, excelente atendimento."
22 de agosto de 2021,50,"√ìtimo atendimento, cerveja gelada e boa comida.",Excelente! Muito bom restaurante! Gostei da comida. Atendimento muito bom. Wagner √≥timo gar√ßom. M√∫sica de boa qualidade com v√°rios m√∫sicos.
22 de agosto de 2021,50,Muito bom!,Restaurante muito bom ambiente agrad√°vele m√∫sica boa! Atendimento maravilhoso do Wagner! Voltarei mais vezes
22 de agosto de 2021,50,Comida e atendimento top!!!,"Somos clientes fi√©is ao Raiz. Lugar que minha filha adora . Comida farta, boa e atendimento muito bom. Espa√ßo bom para os adultos e crian√ßas. Recomendo"
22 de agosto de 2021,50,√ìtimo almo√ßo de domingo,"Bom ambiente, bom atendimento, e comida maravilhosa por um pre√ßo justo. Estavam tocando um chorinho bem agrad√°vel. O card√°pio tem bebidas interessantes. Me diverti muito num almo√ßo de domingo."
21 de agosto de 2021,50,Maravilhoso!!!,"Tudo √© incr√≠vel, atendimento maravilhoso, profissionais simp√°ticos, atenciosos, m√∫sica boa, comida impec√°vel!"
21 de agosto de 2021,50,sempre muito bom!!,"√≥tima musica, ambiente e gastronomia!! excelente atendimento, principalmente o gar√ßom Wagner‚Ä¶ seu bom humor contagia üòÄ"
20 de agosto de 2021,50,ATENDIMENTO DO WAGNER EXELENTE,"O restaurante deveria fazer pedido maior de caranguejo √†s quintas, pois acaba cedo. Cerveja gelada, molho do caranguejo muito gostoso, mas faltou um pouco mais de cozimento. Atendimento do gar√ßom Wagner sem d√∫vidas foi o melhor da noite."
20 de agosto de 2021,50,Anivers√°rio,"Excelente. Comida boa, atendimento solicito Ambiente agrad√°vel, repert√≥rio musical bem selecionado. Show"
19 de agosto de 2021,50,Perfeito para casal e familia qualquer dia da semana,"Cozinha excelente, fui com a familia . Ambiente super agradavel, a area de ar condicionado √© uma excelente opcao para almoco de domingo ."
19 de agosto de 2021,50,MELHOR GASTRONOMIA DA CIDADE,"√ìtima experi√™ncia e atendimento, em especial ao gar√ßom Henrique. Gastronomia maravilhosa, m√∫sica boa e agrad√°vel e ambiente familiar"
18 de agosto de 2021,50,Eudasio,Excelente atendimento. Eu e minha fam√≠lia fomos muito bem atendidos. Gostamos muito da comida e do atendimento. √önica critica a fazer e o volume do som do couvert que incomodou um pouco nossa conversa mas nada que uma fiminuida no volume n√£o resolva
18 de agosto de 2021,50,√ìtimo atendimento,Excelente atendimento!!! O Eudasio √© excelente!!! Restaurante recommendado!!! Comida excelente!!! O Carimb√≥ as quartas √© muito bom!!!
18 de agosto de 2021,50,Avalia√ß√£o ao gar√ßom Wagner!,"Atendimento excelente, sempre atendendo a todos os pedidos com felicidade e com rapidez, o melhor que h√°!"
18 de agosto de 2021,50,Anivers√°rio,"Wagner, √≥timo atendimento, simp√°tico e sem d√∫vidas a melhor comida. Parab√©ns a todos e que todos possam conhecer o sabor desse lugar."
17 de agosto de 2021,50,Primeira visita. Atendente Jos√© incr√≠vel!,"Boa comida, bem servida. Ambiente tem√°tico. M√∫sica ao vivo de excelente qualidade. Servi√ßo r√°pido. Com certeza voltaremos!"
17 de agosto de 2021,50,Anivers√°rio,"Atendimento sensacional (do Jos√©), comida espetacular, pre√ßo justo e m√∫sica boa! Um dos ambientes mais completos de Fortaleza!"
17 de agosto de 2021,50,Excelente op√ß√£o para petiscos e bebidas,Comida boa e atendimento excelente! Eudasio prestou um maravilhoso atendimento para nossa mesa. Sempre atencioso e prestativo! Recomendo o bolinho de feijoada e o dadinho de tapioca
17 de agosto de 2021,50,Excelente lugar para almo√ßar,Excelente lugar para fazer refei√ß√µes e relaxar o atendimento do Eudasio foi impec√°vel. Voltarei mais vezes com certeza.
17 de agosto de 2021,50,Lugar perfeito,"Melhor espetinho de maminha da cidade, sem falar nas combina√ß√µes de guarni√ß√£o q vc pode pedir a parte. Atendimento do gar√ßom Wagner e sem coment√°rios."
16 de agosto de 2021,50,Atendimento top do Eudasio!,"Cerveja gelada, comida gostosa e ventinho bom no restaurante! Perfeito! Eudasio atendeu de forma excelente. Presteza incr√≠vel."
15 de agosto de 2021,50,N√£o tem t√≠tulo,Atendimento do gar√ßom Vagner foi excelente!! M√∫sica boa. Comida boa. Retornarei outras vezes pois o card√°pio √© bem variado.
15 de agosto de 2021,50,Super Recomendo.,"Local excelente para que deseja um ambiente agrad√°vel,com uma boa m√∫sica e uma √≥tima culin√°ria! Atendimento maravilhoso, dou um destaque ao Wagner,gar√ßom super atencioso e profissional."
15 de agosto de 2021,50,Excelente,Camar√£o na ab√≥bora excelente. Recomendo demais. Serve umas 3 a 4 pessoaa. Muito bom atendimento do Leandro tamb√©m!!!!
15 de agosto de 2021,50,Excelente comida e atendimento.,Excelente comida e atendimento √≥timo ambiente para um almo√ßo familiar amigos e um happy hour divertido.
14 de agosto de 2021,50,Almo√ßo de familia,Almo√ßo com excelente com minha fam√≠lia! Fomos muito bem atendidos pelo gar√ßom Eudasio. Voltaremos sempre!
14 de agosto de 2021,50,"Comida, m√∫sica e atendimento especial.","Dica: bolinho piracuru de entrada, espetinho de cora√ß√£o e feijoada num s√°bado em fam√≠lia. Atendimento simp√°tico do seu Eud√°sio. Podem chamar ele que √© atendimento especial na certa! Voltaremos com certeza. Fam√≠lia ‚ù§Ô∏è"
14 de agosto de 2021,50,Atendimento,"Excelente atendimento do colaborador Eud√°sio !! Parab√©ns um √≥timo profissional, muito focado e altamente motivado. Alegria contagiante .. Continue assim... Atendimento diferencial que com certeza atrae e fideliza a clientela."
14 de agosto de 2021,50,Lugar maravilhoso!,Comida deliciosa e atendimento excelente. O Eudas√≠o que nos atendeu foi muito atencioso e carism√°tico.
14 de agosto de 2021,50,√ìtimo atendimento,"Comida √≥tima, bem gostosa. Preparo r√°pido. Ambiente do restaurante √© muito bom e agrad√°vel. Melhor foi atendimento com agrecddimento especial ao Garcon Wagner que foi muito atencioso e simp√°tico, fez a experi√™ncia ser muito melhor"
14 de agosto de 2021,50,lugar incr√≠vel,"comida e lugar excelente, assim como atendimento do gar√ßom chamado Wagner, gente boa demais, sem igual."
14 de agosto de 2021,50,Restaurante Raiz com √≥timo atendimento,"Fomos atendidos pelo Eudasio, muito cordial, discreto e simp√°tico. √ìtimo servi√ßo e comida, parab√©ns!"
14 de agosto de 2021,50,Excelente ambienta√ß√£o,"Fui acreditando que ia ser bom e sai tendo a certeza na excel√™ncia na comida e atendimento, inclusive do gar√ßom Carlos!"
13 de agosto de 2021,50,Atendimento impec√°vel,"Ambiente super agrad√°vel , atendimento impec√°vel comida gostosa e m√∫sica boa !!!! Amei e recomendo quero voltar ! Fomos atendidos por Maria Aiumi !!! E amamos o atendimento!"
13 de agosto de 2021,50,Happy Hour Amigos,Melhor atendimento com o gar√ßom Wagner. Parab√©ns!! Ambiente muiito agrad√°vel e aconchegante. Petiscos muito saborosos.
13 de agosto de 2021,50,Maravilhoso demais,"Comida muito boa, atendimento impec√°vel. Eudasio serviu perfeitamente e deixou super confort√°vel. Amamos demais, garantido a volta üëèüèΩ"
13 de agosto de 2021,50,Pizza deliciosa,"M√∫sica incr√≠vel, ambiente agrad√°vel, atendimento impec√°vel do Wagner!!! Recomendo demais! Com certeza voltarei!"
13 de agosto de 2021,50,Que lugar maravilhoso. Atendimento perfeito. Pessoas simp√°ticas. M√∫sica boa!,Lugar super agrad√°vel. Mesas com distanciamento seguro. M√∫sica agrad√°vel. Petiscos bons. Happy hour com promo√ß√µes.
13 de agosto de 2021,50,√ìtimo lugar pra passear com a fam√≠lia e os amigos,"Ambiente agrad√°vel, arejado, com bom atendimento. Importante ressaltar que o local cumpre as medidas de distanciamento social."
13 de agosto de 2021,50,Melhor pizza,"Ambiente maravilhoso,atendimento perfeito execultado pelo gar√ßom Wagner , voltaremos concerteza! Parab√©ns a todos q fazem o restaurante Raiz."
13 de agosto de 2021,50,O melhor gar√ßom do raiz,"O gar√ßom Wagner tem o melhor atendimento que eu tive na minha vida (impec√°vel), √°gil, super gentil. Ele simplesmente √© sensacional"
11 de agosto de 2021,50,Lugar excelente,"Nunca decepciona!!! Comida maravilhosa, atendimento melhor ainda, Eutasio sempre nos atende aqui!! Dica: pe√ßam o arrumandinho da Para√≠ba!!!!"
10 de agosto de 2021,50,Atendimento excelente comida muito saborosa ambiente muito agrad√°vel,Atendimento e alimento perfeito ambiente super agrad√°vel restaurante limpo e agrad√°vel Super indico o restaurante para quem aprecia comida de boa qualidade
8 de agosto de 2021,50,atendimento,"√ìtima , atendimento √≥timo e a comida nem se fala voltarei mais vezes , gar√ßom Wagner muito recepcionista"
8 de agosto de 2021,40,Excelente atendimento do Garcom Wagner,"O peixe da peixada poderia ter sido em posta ou fil√©, mas o atendimento compensou, excelente o atendimento do gar√ßom Wagner"
8 de agosto de 2021,50,√ìtimo atendimento,"Eud√°sio, gar√ßom √≥timo. Atendimento excelente, merece elogios. Comida boa, ambiente bom com m√∫sica ao vivo. Com certeza √© local para se voltar outras vezes."
7 de agosto de 2021,50,Amei!,"Fomos recebigos pelo gar√ßom Wagner, que foi super sol√≠cito, educado e nos atendeu muito bem. Gostei tamb√©m do estilo musical tocado :)"
7 de agosto de 2021,50,Excelente experi√™ncia,"Wagner nos atendeu de forma excelente, atencioso e e os pratos estavam √≥timos. M√∫sica ao vivo tranquila, √≥timo ambiente para fam√≠lia e amigos."
7 de agosto de 2021,40,√ìtimo atendimento e comida excelente,"√ìtimo atendimento do Wagner, realmente acima da m√©dia, recomento a visita com amigos e fam√≠lia, o feij√£o verde √© o melhor!"
7 de agosto de 2021,50,Restaurante muito bom! Comida excelente,"Restaurante muito legal, atendimento muito bom e r√°pido! Fomos muito bem atendidos pelo Eldasio e a comida simplesmente sensacional! Recomendo demais!"
6 de agosto de 2021,50,Avalia√ß√£o Raiz,"Excelentes pratos e excelente atendimento. Um agradecimento e elogio ao Wagner, que nos atendeu com tanta simpatia."
6 de agosto de 2021,50,Sextou,Maneira perfeita para comemorar o fim da semana. Ambiente muito agrad√°vel com m√∫sica ao vivo e comida gostosa. Ainda por cima atendimento excelente pelo Wagner! Viremos mais vezes
6 de agosto de 2021,50,Ambiente show de bola,"Atendimento espetacular pelo grande Wagner, alto astral, r√°pido e eficiente. Voltarei outras vezes.."
6 de agosto de 2021,50,Restaurante maravilhoso!,"Comida regional deliciosa, ambiente super agrad√°vel e gar√ßons pra l√° de simp√°ticos. Al√©m de ter uma musiquinha ao vivo muito top!!"
6 de agosto de 2021,50,Super recomendo!,"Muito bom!! M√∫sica √≥tima, ambiente tranquilo, o parmigiana √© uma del√≠cia e o gar√ßom Wagner √© super prestativo!"
5 de agosto de 2021,50,Excelente atendimento do Wagner,"√ìtimo local , ideal para v√°rias ocasi√µes, no caso, fomos na quinta do caranguejo, e fomos super bem atendidos pelo Wagner, inclusive, quando voltarmos, faremos quest√£o de ser atendido por ele novamente. √ìtima estrutura , m√∫sica boa e ambiente muito agrad√°vel."
5 de agosto de 2021,40,Experi√™ncia agrad√°vel,"Gostamos do espa√ßo, servi√ßo, m√∫sica... √∫nico ponto a desejar, n√£o estavam servindo pratos ensopados e cozidos, m√£os desses, especialidade da casa."
5 de agosto de 2021,50,Melhor restaurante de comida regional,"Excelente atendimento com o gar√ßom Wagner. Ambiente familiar, organizado e excelente gastronomia. Cerveja gelada."
4 de agosto de 2021,50,Excelente experi√™ncia,"Comida boa e m√∫sica maravilhosa...gar√ßons muito bons...card√°pio bem variados, para todos os gostos..."
3 de agosto de 2021,50,Jantar excepcional!,"Atendimento top do Eudas√≠o!!!! Jantar maravilhoso em fam√≠lia e amigos , indico demais, voltarei mais vezes com toda certeza."
3 de agosto de 2021,50,Excelente!,"Excelente local, magn√≠fico! Comida, ambiente e atendimento. Custo benef√≠cio excelente. √ìtima escolha!"
1 de agosto de 2021,50,Super indico,"Comida muito boa e brasileira, o gar√ßom (Wagner) muito pr√°tico e atencioso. E o ambiente muito agrad√°vel."
1 de agosto de 2021,50,Restaurante Ra√≠z Cozinha Brasileita,"S√≥ elogios para a pizza e para o atendimento, em especial ao Wagner, excelente gar√ßom e nos atendeu super bem !!"
1 de agosto de 2021,50,Vale a pena,Restaurante de √≥timo custo benef√≠cio. O gar√ßom Vagner foi fant√°stico e nos deu mta aten√ß√£o! Recomendo.
1 de agosto de 2021,50,Boa pedida para um domingo!,"Cerveja gelada, ao som de um belo chorinho, comida gostosa servida sem demora nem pressa, parquinho para as crian√ßas e atendimento atencioso e leve; tudo em um ambiente transado e agrad√°vel. Boa pedida para um domingo!"
1 de agosto de 2021,50,Excelente experi√™ncia!,"Perfei√ß√£o define! Ambiente maravilhoso, comida espetacular, parquinho infantil com supervis√£o e o atendimento do Wagner melhor imposs√≠vel! Voltarei com certeza! Parab√©ns aos administradores!"
1 de agosto de 2021,50,Almo√ßo,Parab√©ns pelo atendimento! Parab√©ns ao profissional eudasio pela proatividade e simpatia!! Ambiente √≠mpar com excelente gosto Musical
1 de agosto de 2021,50,Lugar aconchegante com excelente comida brasileira.,"Ambiente muito tranquilo, agrad√°vel e com m√∫sica popular/samba instrumental. √ìtima comida. Ressalta-se o excelente atendimento do gar√ßom WAGNER, muito simp√°tico e atencioso, deu boas sugest√µes de card√°pio. Demonstra ter muito amor pelo o que faz."
31 de julho de 2021,50,F√©rias,"Excelente restaurante. Atendimento muito bom, m√∫sica ao vivo de √≥tima qualidade, comida deliciosa. Com toda certeza, voltaremos mais vezes."
31 de julho de 2021,50,Satisfeito,√ìtimo atendimento. Local aconchegante. Espa√ßo para crian√ßas. M√∫sica boa. Obedecendo todas as regras sanit√°rias. Todos de parab√©ns.
31 de julho de 2021,50,Excelente Almo√ßo,"O Wagner nos atendeu muito bem, super simp√°tico!! Nos auxiliou no pedido e fez sugest√µes excelentes!! A comida seguiu na mesma lunha"
31 de julho de 2021,50,Experi√™ncia sempre Maravilhosa,Sempre muito bem espetacular Pratos bem servidos e saborosos. Destaque para o atendimento esperacular de Vagner.
29 de julho de 2021,50,Melhor restaurante da cidade,"Ambiente familiar, aconchegantee muito agrad√°vel. Atendimento nota mil, toda a equipe do restaurante √© muito atenciosa e educada."
29 de julho de 2021,50,PERFEITO!,"Tudo muito bom: comida, m√∫sica ao vivo, bebida gelada, atendimento incr√≠vel. Sem defeitos, n√£o tenho do que reclamar."
28 de julho de 2021,50,A Verdadeira cozinha Brasileira,"Excelente restaurante localizado na zona sul da cidade, especializado em comida Brasileira possui um variado card√°pio com pre√ßo bem justo. O atendimento √© bem r√°pido e cort√™s e tem uma √≥tima m√∫sica ao vivo."
25 de julho de 2021,50,Conhecendo pela primeira vez !,"Adorei o ambiente, m√∫sica boa e o atendimento do Carlos muito bom!!! √Årea KIDS boa, meu filho gostou . E a pizza muito gostosa tamb√©m ."
25 de julho de 2021,50,Noite maravilhosa,"Um lugar lindo! Boa musica,√≥tima comida, excelente atendimento, ambiente incr√≠vel... O Gar√ßom Wagner super atencioso um lugar que recomendo."
25 de julho de 2021,50,Noite perfeita,"Local confort√°vel e receptivo, comida com sabor tipicamente regional e de √≥tima qualidade. Deixo um agradecimento especial ao Gar√ßom Wagner que foi extremamente atencioso e educado. Recomendisso!!!"
25 de julho de 2021,50,Lugar Maravilhoso,"Ambiente aconchegante, comida excelente, m√∫sica sensacional , melhor lugar para trazer fam√≠lia e amigos"
25 de julho de 2021,50,"Restaurante maravilhoso, m√∫sica boa e excelente atendimento. Fomos muito bem atendidos pelo Eudas√≠o √© Ronaldo.","Super recomendo! Restaurante maravilhoso, m√∫sica boa e excelente atendimento. Fomos muito bem atendidos pelo Eudas√≠o √© Ronaldo."
25 de julho de 2021,50,Almo√ßo de domingo!,"Gar√ßom Eudasio atendimento cordial, educado e muito prestativo! Restaurante com comida de qualidade, ambiente descontra√≠do. Indico"
25 de julho de 2021,50,Almo√ßo,"√ìtimo servi√ßo. Atendimento impec√°vel do gar√ßom eudasio. √ìtima comida, cerveja gelada e m√∫sica agrad√°vel"
24 de julho de 2021,50,Super recomendo,"Excelente ambiente, super agrad√°vel, m√∫sica ao vivo de qualidade. Atendimento excepcional, por conta do Wagner. Super atencioso. Comidas igualmente excelentes."
24 de julho de 2021,50,Experi√™ncia raiz,"Ambiente muito agrad√°vel. M√∫sica ao vivo com uma sele√ß√£o muito boa. Fomos atendidos pelo Wagner, gar√ßom super educado e atencioso. Al√©m do que o restaurante tem parquinho pra as crian√ßas. Foi a primeira vez q viemos de muitas outras."
24 de julho de 2021,50,J√° virei f√£!,"Como sempre tudo muito bom!! Comida maravilhosa, atendimento √≥timo do Eud√°sio! O sambinha Raiz nem se fala!! Vale a pena vir!"
24 de julho de 2021,50,√ìtimo gar√ßom,O gar√ßom Eud√°sio √© muito bom. √ìtimo atendimento. Eficiente e prestativo. Sempre atento aos nossos pedidos.
24 de julho de 2021,50,Uma experi√™ncia gastron√¥mica,"√â dif√≠cil escolher o que comer diante de tantas op√ß√µes. Toda vez que vou, sempre pe√ßo umas 4 op√ß√µes de tira gosto para curtir a experi√™ncia."
24 de julho de 2021,50,Ambiente agrad√°vel e comida boa!,"Ambiente agrad√°vel, excelente atendimento e comida boa com pre√ßo justo. Recomendo a quem busca qualidade!"
23 de julho de 2021,50,√ìtima comida e m√∫sica,"Excelente atendimento do Vagner, comida √≥tima e m√∫sica muito boa. Ambiente familiar e com espa√ßo kids"
23 de julho de 2021,50,Jantar,"Clima agrad√°vel e atendimento excelente (gar√ßon Wagner). Comida muito boa, chega quentinha e com tempo suficiente para n√£o ficar com fome esperando. Para quem ama banana, vale pedir o pur√™ de banana da terra! Del√≠cia."
23 de julho de 2021,50,Melhor drink,"Fomos atendidos pelo gar√ßon wagner, uma simpatia em pessoa. Tudo mais q perfeito voltaremos concerteza"
22 de julho de 2021,50,Excelente Restaurante,"Restaurante excelente. √ìtima localiza√ß√£o, comida de primeira qualidade! Experimentem a Sobremesa de Cocada de forno com sorvete, simplesmente maravilhoso! Sem contar com o excelente atendimento do Gar√ßom Wagner, muito atencioso e muito bem humorado. Lugar maravilhoso! Irei mais vezes com a minha fam√≠lia."
22 de julho de 2021,50,"Transsacoonais √© show, cerveja gelada e atendimento √≥timo, fomos atendidos por Wagner","M√∫sica excelente e atendimento √≥timo, gar√ßom Wagner. Comida deliciosa e ambiente agradabil√≠ssimo, espa√ßo para as crian√ßas faz diferen√ßa"
22 de julho de 2021,50,√ìtimo atendimento!,"Ambiente agrad√°vel, comida excelente e um atendimento surpreende, vale ressaltar o gar√ßom Wagner que nos com tratou com muita presteza e cordialidade!"
18 de julho de 2021,50,Atendimento,O atendimento do gar√ßom Wagner fez toda diferen√ßa. Excelente gar√ßom. A pizza estava muito gostosa.!!
18 de julho de 2021,50,Experi√™ncia √≥tima,"Atendimento maravilhoso, comida √≥tima e deliciosa. Super recomendo. Voltarei mais vezes, com toda certeza."
17 de julho de 2021,40,Recomendo!,"Ambiente bem familiar, agrad√°vel, bebida gelada e o atendimento do Wagner foi nota 10! Com certeza voltaremos!"
17 de julho de 2021,50,Maravilhoso!!!,"Restaurante agrad√°vel, de comida gostosa, farta e pre√ßo justo. M√∫sica boa e lugar familiar! Recomendo!"
17 de julho de 2021,50,Excelente,Ambiente excelente. Atendimento excelente. M√∫sica top. Card√°pio muito bom. Qualidade da comida muito boa. Pre√ßo justo. O Gar√ßom Fagner nos atendeu com toda aten√ß√£o poss√≠vel.
17 de julho de 2021,50,Excelente!!!,"Local excelente e atendimento de √≥tima qualidade feito por toda equipe, principalmente pelo Wagner! Muito atenciosos em todos os detalhes!"
17 de julho de 2021,50,Restaurante espetacular,Restaurante com um ambiente diferenciado e uma cozinha maravilhosa! Todos os pratos muito bem servidos e com um sabor √∫nico. Excelente op√ß√£o quando se quer escutar uma boa m√∫sica e comer bem!
17 de julho de 2021,50,Maravilhosa op√ß√£o para a fam√≠lia e para os amigos!!,"√ìtimo atendimento, comida incr√≠vel e ambiente super agrad√°vel! Pretendo voltar mais vezes com certeza."
17 de julho de 2021,50,Excelente,"Comida deliciosa, ambiente agrad√°vel, m√∫sica boa, parquinho para as crian√ßas e gar√ßons bastante atenciosos"
17 de julho de 2021,50,√ìtimo ambiente e atendimento,"M√∫sica ao vivo, comida muito boa e atendimento excelente! O gar√ßom Wagner muito sol√≠cito e nos deu v√°rias dicas na escolha do prato"
17 de julho de 2021,50,Cerveja mais gelada de Fortaleza,Impressionado com a cerveja gelada e com o atendimento cordial do garcon wagner!! Voltaremos sempre. Parabens a todos os colaboradores.
17 de julho de 2021,50,Atendimento de um gar√ßom Wagner que fez a diferen√ßa.,Gostaria de deixar meus sinceros agradecimento a todos do restaurante. Atendimento excelente do seu senhor Wagner Honorato... gar√ßom que fez a diferen√ßa no Atendimento com sugest√µes excelente.
16 de julho de 2021,50,Maravilhoso,"Cozinha maravilhosa, com tempero bem regional, tudo de muita qualidade, incluindo o atendimento sensacional, em especial do Wagner com seu carinho e aten√ß√£o excepcional! Continuem assim!"
16 de julho de 2021,50,Avalia√ß√£o,"Fui atendida pelo Wagner super atencioso e adorei a indica√ß√£o do prato, adoramos a comida comida √≥timo e ambiente agrad√°vel"
13 de julho de 2021,50,Melhor camar√£o na moranga,Tudo perfeito!!! Estive na parte do jantar junto com minha fam√≠lia e fiquei impressionada com o atendimento do Sr wagner!! Sempre simp√°tico e solicito. Espero ser atendido novamente pelo senhor. Parab√©ns
13 de julho de 2021,50,Atendimento muito bom,"Equipe muito atenciosa e prestativa, sempre atentos √† nossa mesa e nossas necessidades. Em especial o gar√ßom Vagnerüëçüèº"
13 de julho de 2021,50,Lugar espetacular,"Menu variado, com op√ß√µes vegetarianas incr√≠veis. Atendimento excelente. Sugest√£o: manter a Lasanha de Berinjela no card√°pio tamb√©m no jantar, ela foi a melhor que j√° experimentei."
7 de junho de 2021,50,Boa pedida de culin√°ria local,"Local muito simp√°tico, ambiente amplo e aberto, possui uma √°rea climatizada e espa√ßo kids.Conta ainda com m√∫sica ao vivo de √≥tima qualidade. Atendimento muito bom. Os pratos s√£o muitos saborosos e bem servidos, no estilo gastron√¥mico da regi√£o. Excelente custo beneficio."
20 de fevereiro de 2021,50,AMBIENTE SENSACIONAL,Ambiente INCR√çVEL e acolhedor. O gar√ßom EUD√ÅSIO faz a diferen√ßa com seu atendimento e cuidado. Recomendo demais!!!!!
19 de fevereiro de 2021,50,Maravilhoso,"Atendimento excelente, comida deliciosa, lugar mega agrad√°vel. Ainda ganhei uma sobremesa de mimo de anivers√°rio. Quero agradecer ao gar√ßom Carlos pelo atendimento maravilhoso."
10 de fevereiro de 2021,50,Otimo,√ìtimo atendimento do Renato e leandro. Cerveja gelada e comida boa. Valeu demais a visita. √ìtima comida. √ìtimo
9 de fevereiro de 2021,50,Atendimento Nota Mil,"Desde j√°, agradecer o Alex por tamanha simpatia, profissionalismo e gentileza. Picanha no ponto certo. Cerveja bem gelada e, de quebra, uma m√∫sica MPB ao vivo..... perfeitoüòçüòçüòç"
9 de fevereiro de 2021,50,Sendo feliz,"Lugar maravilhoso, pratos lindos e deliciosas, atendimento nota dez do cordial Eudasio. Super recimendo!!!"
8 de fevereiro de 2021,50,Almo√ßo no raiz,"Deliciosa refei√ß√£o, pirarucu na casaca e o melhor pudim de fortaleza, √≥timo atendimento do gar√ßom Alex"
6 de fevereiro de 2021,50,Visita ao Raiz,Excelente! Atendimento e comida maravilhosos! Gar√ßom Carlos muito atencioso! Com toda certeza um retorno!
31 de janeiro de 2021,50,Excelente local,"Local, atendimento e m√∫sica perfeitos!! Toda vez que venho aqui √© uma experi√™ncia melhor e √∫nica! Agradecimento especial ao gar√ßom Carlos, muito gentil e prestativo!"
31 de janeiro de 2021,50,Almo√ßo,Fomos atendidos pelo gar√ßom Renato. M√∫sica de mut√≠ssima qualidade. Atendimento excelente e comida muito boa
30 de janeiro de 2021,50,Noite agrad√°vel com os amigos e amor,"√ìtimo estabelecimento Alex nosso atendente excelente, atencioso e educado. Comidas maravilhosas E em √≥tima localiza√ß√£o da cidade de fortaleza"
30 de janeiro de 2021,50,Noite em fam√≠lia,"Noite muito boa em fam√≠lia com m√∫sica muito agrad√°vel, espa√ßo e comida maravilhosos!Vou voltar mais vezes concerteza!"
30 de janeiro de 2021,50,Tudo √≥timo e o atendimento excelente.,"Adotamos a comida e o melhor de tudo √© o Eldazio, o gar√ßon que nos atendeu excelentemente. A comida √© maravilhosa e o ambiente top."
30 de janeiro de 2021,50,Almo√ßo no Raiz,Atendimento do Eudasio e Alex muito bom! Tarde agrad√°vel com feijoada e sambinha. √ìtima localiza√ß√£o!
29 de janeiro de 2021,50,Restaurante super agradavel,"M√∫sica boa, ambiente tranquilo e familiar... Comida boa e um excelente atendimento do gar√ßom Renato. Recomendamos."
19 de dezembro de 2020,50,EXCELENTE ATENDIMENTO,"Excelente atendimento do Alex! Bebi a cerveja Deles, que se chama RAIZ. Recomendo demais, comida , bebido e atendimento nota mil"
19 de dezembro de 2020,50,Comida muito boa.,Comida muito gostosa e ambiente muito bom. M√∫sica ao vivo. Muito boa a experi√™ncia. Voltarei mais vezes. Gar√ßon Alex muito bom
10 de novembro de 2020,50,Amigos,"Atendimento exemplar, localizado na Av Washington Soares. Tem estacionamento para os clientes, boa culin√°ria e custo benef√≠cio. Recomendo!!!"
17 de outubro de 2020,50,Excel√™ncia,"Atendimento excelente, por√ß√µes muito bem servidas e o sabor nem sem fala...melhor gar√ßom √© o sr. Alexandre"
17 de outubro de 2020,40,Fam√≠lia Freire Duarte,Show! sambinha super light aos s√°bados.Atendimento de qualidade.Ambiente super familiar. Tem pizzaaaa.
16 de outubro de 2020,50,Excelente op√ß√£o!,Ambiente familiar! Excelente comida! Sambinha aos s√°bados a tarde com grandes nomes do nosso Cear√°! @crismalagueta n√£o d√° pra perder!
15 de outubro de 2020,50,Jantar com Amigos e compadres,Comida excelente e atendimento cordial e vip Local aconchegante m√∫sica boa Seguro para Covid Localiza√ß√£o boa Seguran√ßa e estacionamento
17 de setembro de 2020,50,Visita na confraterniza√ß√£o da empresa,"Comida muito bem preparada, servida no ponto certo! Espa√ßo bastante agrad√°vel, perfeito para ir com a fam√≠lia ou com os amigos"
19 de agosto de 2020,50,Restaurante feito de amigos,Restaurante feito de amigos para amigos. Lugar aconchegante com uma comida excelente e um bom atendimento.
