13 de mar√ßo de 2022,50,Lugar incr√≠vel,"O local √© maravilhoso, conseguimos ficar perto da natureza em meio aos pr√©dios. A comida estava uma del√≠cia, pedimos burrata e pizza. A experi√™ncia foi ainda melhor com o gar√ßom Eduardo, super atencioso"
13 de mar√ßo de 2022,50,Excelente!,Ambiente maravilhoso e comida excelente. Atendimento impec√°vel pelo Eduardo. Parab√©ns! Voltaremos sempre!
26 de fevereiro de 2022,50,MUITO BOM!,Ambiente e comida excelentes! Gar√ßom Eduardo gente fina! Gosto musical √≥timo e o clima bem ventilado!
25 de fevereiro de 2022,50,Jantar a dois,"Fui muito bem atendido pelo gar√ßom Eduardo. Atencioso, educado e sempre solicito. Restaurante agradabil√≠ssimo. Comi uma pizza. Ingredientes de primeira qualidade. Super recomendo."
25 de fevereiro de 2022,50,Melhor restaurante,"Comida leve e muito gostosa, ambiente acolhedor, super recomendo. Atendimento do Eduardo maravilhoso."
16 de fevereiro de 2022,50,Jantar,Comida excepcional pra quem procura op√ß√µes saud√°veis e saborosas ! Ambiente e atendimento excelente!
16 de fevereiro de 2022,50,Jantar rom√¢ntico,"√ìtima comida, atendimento excelente e gar√ßons muito educados e sol√≠citos. Eduardo foi um √≥timo gar√ßom e gra√ßas a ele a experi√™ncia foi ainda mais incr√≠vel."
16 de fevereiro de 2022,50,Elogios ao restaurante,"Restaurante bastante aconchegante, com um excelente atendimento, inclusive o gar√ßom Eduardo nos recebeu muito bem. A comida estava excelente, com alucina√ß√£o bem totalmente diferenciada."
16 de fevereiro de 2022,50,"Restaurante excelente! Ambiente agrad√°vel, aconchegante e card√°pio diversificado! Pratos bem servidos e pre√ßos justos. Recomend","Muito bom! Ambiente agrad√°vel, aconchegante e card√°pio variado. √ìtima qualidade e atendimento excelente do Gar√ßom Eduardo!"
6 de fevereiro de 2022,50,Um achado em Fortaleza,"Fomos atendidos pelo Eduardo, super atencioso. Um lugar perfeito bem calmo, com m√∫sica ambiente boa, aquele espa√ßo perfeito para casais e amigos. Pre√ßos um pouco salgados, mas vale a pena"
6 de fevereiro de 2022,50,Um ambiente totalmente incr√≠vel,"Desde a entrada, n√≥s somos super bem recepcionados! A comida √© incr√≠vel, a m√∫sica ambiente e os gar√ßons muito atenciosos"
6 de fevereiro de 2022,50,Anivers√°rio,Excelente local e atendimento do Eduardo foi maravilhoso. A comida √© muito boa e saborosa. Amei o local e pretendo retornar mais vezes!
1 de fevereiro de 2022,50,Um dos melhores restaurantes de Fortaleza. Comida saborosa e atendimento excelente.,"Comida saborosa; card√°pio com v√°rias op√ß√µes; pre√ßo justo; ambiente arejado, atendimento excelente! Um dos melhores restaurantes de Fortaleza!"
29 de janeiro de 2022,50,"Primeira Vez , s√°bado","√ìtimo local, ambiente super agrad√°vel, m√∫sica boa e comida maravilhosa!!! Atendimento excelente de Eduardo."
29 de janeiro de 2022,50,Amizade,O lugar √© m√°gico!! Comida excelente e atendimento perfeito.. Atendente: Eduardo! Nota 10! Voltei mais vezes!!
29 de janeiro de 2022,50,Local super aconchegante!,"Restaurante incr√≠vel. O atendimento √© muito bom e o estabelecimento bastante aconchegante! Tudo muito bonito, bem cuidado, e o pre√ßo compensa demais pela qualidade das comidas."
29 de janeiro de 2022,50,Excelente comida,"Comida excelente e pre√ßo justo, localiza√ß√£o √≥tima. Sobremesa de cocada incr√≠vel, bem quentinha e super gostosa."
22 de janeiro de 2022,50,Ambiente maravilhoso!!!,"Restaurante maravilhoso!!! O ambiente √© incr√≠vel, energizado, cheio de plantas, comida boa e excelentes drinks. Uma vibe incr√≠vel. Relaxante!!!"
22 de janeiro de 2022,50,Local energizado e comida maravilhosa.,"Sabores Org√¢nicos √© um dos melhores restaurantes de Fortaleza, al√©m de ser bastante energizado e ter um excelente atendimento. ‚ù§Ô∏è"
21 de janeiro de 2022,50,Reuni√£o de fam√≠lia espetacular,√ìtima comida e local. Espa√ßo agrad√°vel e acolhedor. As vezes tem m√∫sica ao vivo. Sexta feira √© uma √≥tima pedida para vir jantar
20 de janeiro de 2022,50,Comida maravilhosa e atendimento,"Ambiente tranquilo, comida maravilhosa e saborosa, atendimento muito bom. Os gar√ßons s√£o super atenciosos. Gostei bastante, voltarei mais vezes."
15 de janeiro de 2022,50,Excelente ambiente!,"Lugar lindo, Agrad√°vel, comida saborosa, saud√°vel, excelente e o atendimento diferenciado. Recomendo de olhos fechados!"
15 de janeiro de 2022,40,Jantar,"Ambiente aconchegante, gastronomia de excel√™ncia, √≥tima op√ß√£o para quem gosta de op√ß√µes saud√°vel. Eduardo obrigada pelo excelente atendimento."
12 de janeiro de 2022,50,Jantar de namoro,"Comida muito boa, gar√ßom Eduardo muito atencioso e gentil, irei voltar e indicar para amigos e familiares"
12 de janeiro de 2022,40,Sabores Org√¢nicos Avalia√ß√£o,"O ambiente √© muito lindo. Comi um risoto de camar√£o e o sabor estava bom. Por ser espa√ßo aberto, tinha besouros e folhas caindo. O melhor da avalia√ß√£o mesmo foi o atendimento."
12 de janeiro de 2022,40,Encontro de amigos,Restaurante com ambiente muito agrad√°vel. Comida gostosa. Gar√ßons muito atenciosos. √ìtimo lugar para encontrar amigos e confraternizar
12 de janeiro de 2022,50,Lugar super agrad√°vel,"Lugar lindo, espa√ßoso, arborizado, comida deliciosa, card√°pio variado, n√£o √© caro, boa trilha sonora."
10 de janeiro de 2022,50,Excelente almo√ßo,"Comida muito boa, atendimento excelente feito pelo Eduardo, localiza√ß√£o muito boa, ambiente agrad√°vel."
9 de janeiro de 2022,50,Jantar rom√¢ntico,"Gar√ßons muito gentis e atenciosos, pizza muito gostosa e leve. Ambiente aconchegante e espa√ßoso. Muito bom!"
7 de janeiro de 2022,50,Excelente experi√™ncia,"O lugar √© lindo, s√≥ a decora√ß√£o j√° te ganha. Os funcion√°rios s√£o super atenciosos e a comida √© uma del√≠cia. O card√°pio √© bem variado e tem tamb√©m op√ß√µes veganas e vegetarias. Super inclusivo."
18 de dezembro de 2021,50,Excelente almo√ßo,"Comida excelente, gar√ßom Eduardo muito atencioso, ambiente √≥timo. Recomendo demais! M√∫sica no s√°bado muito boa tamb√©m"
17 de dezembro de 2021,50,Jantar em fam√≠lia,"Gosto muito do ambiente e da comida tamb√©m. Atendimento tamb√©m muito bom, os gar√ßons foram bem simp√°ticos e nos atenderam super bem."
16 de dezembro de 2021,50,Restaurante sensacional,"Restaurante muito agrad√°vel, com comida deliciosa! Atendimento especial dos donos e equipe! Recomendo"
15 de dezembro de 2021,50,Jantar,"Fomos ao nosso jantar de anivers√°rio de casamento. Fomos prontamente atendidos e muito bem servidos. Ambiente de alt√≠ssima qualidade, arborizado, que transmite uma paz e boa m√∫sica! Valeu muuuuito a pena"
11 de dezembro de 2021,50,Obrigado,"Local aconchegante e muito agrad√°vel, uma comida saborosa e que abra√ßa.. precisa apenas aumentar as op√ß√µes veganas."
10 de dezembro de 2021,50,Jantar,"Comida saud√°vel e deliciosa! Ambiente maravilhoso, ao ar livre, agrad√°vel e o gar√ßom Eduardo √© super atencioso!"
8 de dezembro de 2021,50,After,Delicioso! Quem nos atendeu foi o Eduardo. Melhor atendimento imposs√≠vel. Vale a pena experimentar! üòã
4 de dezembro de 2021,50,Simplesmente sensacional,Lugar maravilhoso. Pizza sensacional. M√∫sica perfeita. Atendimento impec√°vel. Experi√™ncia maravilhoso. Vale muito a pena conhecer.
4 de dezembro de 2021,50,√ìtima experi√™ncia,"Lugar aconchegante, comida boa e um excelente atendimento do Eduardo. Sempre uma √≥tima experi√™ncia!!"
3 de dezembro de 2021,50,Primeira vez!,"Ambiente maravilhoso! Comida maravilhosa! J√° seguia no instagram h√° tempos e queria muito vir! Fiquei encantada com as plantas, flores, passarinhos! Fomos muito bem atendidas pelo Eduardo! Perfeito!"
2 de dezembro de 2021,50,√ìtimo,"Comida muito boa. Ambiente agrad√°vel, cheio de plantas que faz ser acolhedor. Servi√ßo excelente do gar√ßom, Eduardo.."
2 de dezembro de 2021,50,Almo√ßo,Ambiente muito bom e atendimento maravilhoso. Gar√ßom Eduardo muito gentil. Voltarei com certeza!!!!!
26 de novembro de 2021,50,Avalia√ß√£o,"Excelente!! Gar√ßom Eduardo nos atendeu perfeitamente!! Comida muito boa. Os pedidos v√™m r√°pido, local agrad√°vel e com m√∫sica boa!"
26 de novembro de 2021,50,Noite agrad√°vel,"M√∫sica e local aconchegante. Atendimento cordial do gar√ßom Eduardo, proativo. Super indico a fam√≠lia, amigos e casais."
26 de novembro de 2021,50,Jantar enamorado,"Massa sensacional, atendimento perfeito e cordial e uma m√∫sica hiper agrad√°vel. O atendimento prestado pelo Eduardo, muito educado e carism√°tico."
26 de novembro de 2021,40,Ambiente maravilhoso e leve,"Adorei o ambiente, muito acolhedor, m√∫sica calma e relaxante, pizza incr√≠vel, op√ß√£o de restaurante saud√°vel"
26 de novembro de 2021,50,Experi√™ncia incr√≠vel,M√∫sica ao vivo (saxofone) Pre√ßo justo Comida deliciosa Recomendo! A localiza√ß√£o tamb√©m √© excelente e o gar√ßom Eduardo foi mt atencioso.
26 de novembro de 2021,50,√ìtima comida e atendimento,Eduardo muito atencioso! Local agrad√°vel e muito aconchegante! Sobremesa uma del√≠cia! Adorei! Vou vir mais vezes
26 de novembro de 2021,50,Avalia√ß√£o,Gar√ßom Eduardo super atendimento. Lugar incr√≠vel. Comida deliciosa. Ambiente acolhedor. Tudo muito bom.
25 de novembro de 2021,50,Anivers√°rio,"Atendimento e comidas excepcionais. Pedimos lasanha azul do mar, com um suco detox e salada. Atendimento feito pelo Eduardo"
24 de novembro de 2021,50,Jantar familiar,Um jantar exelente comida maravilhosa com atendimento incr√≠vel do senhor Eduardo que foi super atencioso
24 de novembro de 2021,50,Muito bom,A bruschetta √© uma del√≠cia. Jantar muito gostoso. O garcon eduardo foi otimo e nos atendeu superbem. Voltarei sempre.
24 de novembro de 2021,50,Noite em familia,Foi tudo excelente. Eduardo nos atendeu super bem e a comida estava perfeita. Ambiente aconchegante.
24 de novembro de 2021,50,.,"Eduardo nos atendeu e a comida estava muito com boa? Com qualidade muito boa , atendimento maravilhoso"
24 de novembro de 2021,50,√ìtimo atendimento!!,Restaurante com comida que prima por alimentos saud√°veis e menos processados. Comida bem temperada. Atendimento muito cortes.
22 de novembro de 2021,50,Muito bom!,"Sobremesas sensacionais! Gar√ßom Eduardo muito bom, atendimento √≥timo e ambiente sensacional, super recomendo."
22 de novembro de 2021,50,R√∫stico criativo,"Ambiente aconchegante, trilha sonora excelente e comida saborosa! Atendimento realizado pelo gar√ßom Eduardo, super sol√≠cito, informativo e educado."
22 de novembro de 2021,50,Almo√ßo,"√ìtimo custo benef√≠cio, atendimento excelente do Gar√ßon Eduardo, super simp√°tico, solicito e a comida muito bem servida."
22 de novembro de 2021,50,Almo√ßo,"Almo√ßo muito bom, bem servido, ambiente agrad√°vel, gar√ßom Eduardo, muito educado e bem receptivo!!!!!"
22 de novembro de 2021,50,O melhor da cidade,"Sempre um lugar agrad√°vel, visual incr√≠vel, atendimento diferenciado a comida de sabores √∫nico uma experi√™ncia √∫nica ."
21 de novembro de 2021,50,Muito bom!,"Comida boa, ambiente rom√¢ntico e muito agrad√°vel! Gar√ßom Eduardo muito educado e prestativo. Voltarei!"
19 de novembro de 2021,50,Almo√ßo com as amigas,"Comida deliciosa, ambiente agrad√°vel e atendimento nota 10 feito pelo Tony e Eduardo. Poderia ter um ambiente pras crian√ßas."
19 de novembro de 2021,50,Almo√ßo com as amigas,Fui muito bem recebida pelos atendentes tony e eduardo.Ambiente muito agrad√°vel e comida boa !! Parab√©ns pelo ambiente !!
19 de novembro de 2021,50,Excelente atendimento,"Local agrad√°vel, comida saborosa e √≥timo atendimento do Tony e Eduardo. √ìtimo lugar para confraternizar."
19 de novembro de 2021,50,Almo√ßo,Gostei muito do atendimento e do ambiente aconchegante e tranquilo. O clima √© agrad√°vel e confort√°vel
19 de novembro de 2021,50,Almo√ßo de sexta,Muito bem atendidos pelo gar√ßom Eduardo e comida bem servida e bem feita. Ambiente agrad√°vel e arborizado
18 de novembro de 2021,50,Sempre bom!,O restaurante segue sempre um bom padaria de atendimento e comidas com bons pre√ßos. Um belo lugar pra apreciar.
18 de novembro de 2021,50,pefoce,"muito boa comida, ambiente, sa√∫de etc higiene boa conversa e beleza e descontra√ß√£o. Gostei demais obrigada"
18 de novembro de 2021,50,Almo√ßo,Lugar muito agrad√°vel! Arborizado! Almo√ßo delicioso e bem servido! Bom custo benef√≠cio! Parab√©ns! Obrigada
17 de novembro de 2021,50,Excelente lugar!,Excelente lugar! Gar√ßom Eduardo sempre muito prestativo! Pre√ßo justo e comida com qualidade !Ambiente agrad√°vel.
17 de novembro de 2021,50,Muito bom,"Fomos muito bem atendidos pelo Eduardo. Restaurante aberto, com √≥timas comidas individuais e op√ß√µes vegetarianas."
17 de novembro de 2021,50,Excelente Restaurante! Recebi um √≥timo atendimento do Eduardo,Maravilhoso fui atendido pelo Eduardo e recebi um excelente atendimento - lugar super agrad√°vel e √≥timo para encontro de fam√≠lia ou amigos ou casal
17 de novembro de 2021,40,Ambiente lindo e aconchegante,"Uma √≥tima op√ß√£o para comer e beber em Fortaleza, seja de dia ou de noite. O restaurante oferece uma vasta gama de pratos para todos os gostos. Pre√ßos um pouco alto, mas a qualidade compensa. Lindo ambiente."
17 de novembro de 2021,50,Local maravilhoso,"Pretendo voltar mais vezes ! Local e ambiente agrad√°vel, comida saborosa √© perfeito para trazer amigos e familiares"
14 de novembro de 2021,50,Jantar,"Muito boa pizza, saborosa , local e atendimento do Eduardo Todos est√£o de parab√©ns pro restaurante Sucesso"
14 de novembro de 2021,50,Excelente atendimento!,"Fomos atendido pelo Eduardo, muito atencioso, nos ajudou na escolha dos pratos, deu √≥timas recomenda√ß√µes, os pratos s√£o maravilhosos, o clima bastante aconchegante, sem d√∫vidas valeu a noite!"
14 de novembro de 2021,50,Muito bom!,"Restaurante lindo, comida boa e atendimento maravilhoso com o senhor Eduardo. Impec√°vel! Voltarei mais vezes."
14 de novembro de 2021,50,Almo√ßo no domingo,"Boa comida, atendimento ( Eduardo, um √≥timo gar√ßom) e lugar uma lindeza‚Ä¶ pr√≥ximo da natureza, bem tranquilo"
14 de novembro de 2021,50,√ìtimo atendimento e √≥tima comida,Ao chegar no local fomos atendidos pelo senhor Eduardo que nos forneceu um √≥timo atendimento e alimento
13 de novembro de 2021,50,Jantar rom√¢ntico,"Um √≥timo local e atendimento, Eduardo um √≥timo gar√ßom. Local agrad√°vel, comida muito boa, ambiente bom"
13 de novembro de 2021,50,Local muito bom!,"Muito bom, atendimento perfeito, comida excelente e o atendimento nota mil. O atendente, Eduardo foi muito atencioso. O lugar √© √≥timo pra quem tem restri√ß√£o alimentar, pois p√¥de-se pedir produtos sem a√ß√∫car, etc‚Ä¶ :) Abaixo fotos do omelete e sucos detox, maravilhoso!"
13 de novembro de 2021,40,√ìtimo restaurante,"Excelente, comida com qualidade e pre√ßo justo, bastante saud√°vel. Super indico pra pessoas que tem alguma restri√ß√£o alimentar. Atendente Eduardo √© √≥timo e bastante solicito."
13 de novembro de 2021,50,"muito bom, atendimento do Eduardo, melhor cocada de forno de fortaleza","nota 10, otimo atendimento, musica, pizza muito saborosa, recomendo a todos este restaurante em fortaleza"
13 de novembro de 2021,50,Primeira vez visitando o local,"Adorei o espa√ßo, comida muito boa, atendimento espetacular do Eduardo. Voltarei, certeza. Lugar lindo √© aconchegante."
13 de novembro de 2021,50,Um √≥timo jantar,√ìtimo lugar para um jantar calmo e de qualidade. N√£o apenas a comida √© de qualidade como o atendimento. Fui atendido muito bem pelo Eduardo que me deixou bem a vontade.
12 de novembro de 2021,50,Tudo muito top,"Perfei√ß√£o! Amamos ‚ù§Ô∏è A qualidade sempre a mesma. Tudo muito caprichado. Amamos vir aqui, sempre nossa primeira op√ß√£o."
12 de novembro de 2021,50,Avalia√ß√£o,Garcom Eduardo muito educado e ambiente excelente. Virei mais vezes √© recomendo bastante e com enfase
12 de novembro de 2021,50,Jantar rom√¢ntico,"Lugar aconchegante, excelente m√∫sica, √≥timo atendimento realizado pelo gar√ßom Eduardo e comida muito gostosa."
12 de novembro de 2021,50,Excelente,"Atendimento excelente! Gar√ßom Eduardo muito atencioso e cuidadoso com os clientes. Comida maravilhosa, carne macia e deliciosa!"
12 de novembro de 2021,50,Almo√ßo de Sexta,"Lugar aconchegante e comida maravilhosa, camar√£o no catupiry muito decioso!!! Gar√ßom Eduardo super atencioso!!!"
12 de novembro de 2021,50,Almo√ßo de Sexta,"Excelente atendimento, comida muito boa, ambiente agrad√°vel. O gar√ßom Eduardo muito atencioso! Uma √≥tima pedida para um almo√ßo de sexta-feira."
12 de novembro de 2021,50,Almo√ßo de sexta.,"Gostei muito do atendimento, o prato chegou r√°pido, saboroso. Um atendimento excelente pelo gar√ßom Eduardo."
12 de novembro de 2021,50,Almo√ßo maravilhoso!,Atendimento pelo gar√ßom Eduardo incrivel! Voltarei mais vezes com toda certeza!! Foi tudo excelente!!
11 de novembro de 2021,50,Boa avali√ß√£o em todas os requisitos,Excelente atendimento e espa√ßo Comida de qualudade Pratos diversificados e com boas op√ß√µes de salada
10 de novembro de 2021,50,Aconchegante e relaxante,"Viemos numa quarta √† noite para quebrar a semana e foi maravilhoso. A pizza integral de camar√£o com raspas de lim√£o siciliano eh perfeita! Pedimos tamb√©m a de pepperoni, mto boa! O gar√ßom que nos atendeu foi o Eduardo, sempre muito atencioso! Voltaremos com certeza!"
10 de novembro de 2021,50,Jantar,Ambiente muito agrad√°vel. √ìtimo atendimento do Eduardo. Local bem aconchegante e bem localizado. Vale a visita.
10 de novembro de 2021,50,Fechando neg√≥cios,Ambiente maravilhoso atendimento do gar√ßom Eduardo excelente e voltarei em breve mais que poss√≠vel... Mas para ser atendida pelo mesmo gar√ßom atencioso e prestativo
8 de novembro de 2021,50,Jantar,Salm√£o com legumes delicioso o atendimento do Eduardo muito bom lugar lindo e arejado volrarei √© indicarei
8 de novembro de 2021,50,Almo√ßo,"Estava tudo delicioso, atingil minhas expectativas, hoje eu degustei um salm√£o com legumes tava otimo"
8 de novembro de 2021,50,Almo√ßo afetivo,"Excelente . Gar√ßon simp√°tico, atencioso. √â o Eduardo. √â ele! Gostei muito da til√°pia. Vento maneiro."
7 de novembro de 2021,50,O meu restaurante preferido!,"Tudo neste lugar √© maravilhoso; da comida ao ambiente. M√∫sica boa, comida saborosa e os pratos s√£o muito bem servidos! Indico demais! Sem falar no gar√ßons‚Ä¶ Fomos atendidos pelo Eduardo, que √© muito gentil e atencioso!"
7 de novembro de 2021,50,Excelente,Comida excelente. Ambienta√ß√£o linda. N√£o tem pedida errada. Salm√£o maravilhoso e til√°pia tamb√©m. √ìtimo atendimento do Eduardo.
7 de novembro de 2021,50,Almo√ßo primeira vez,"Almo√ßo muito bem servido, comida gostosa e atendimento excelente. Eduardo super simp√°tico e atencioso."
7 de novembro de 2021,50,Almo√ßo,Ambiente muito acolhedor e gar√ßom Eduardo muito atencioso! Vale a pena a visita! Prato muito bem servido
6 de novembro de 2021,50,√ìtima experi√™ncia,"Comida deliciosa por um pre√ßo justo. Geralmente pe√ßo o fil√© de pescada amarela, sempre bem servido e com √≥timos acompanhamentos. O gar√ßom Eduardo nos atendeu muito bem."
6 de novembro de 2021,50,Restaurante excelente,"Ambiente agrad√°vel, m√∫sica e chorinho. Comida excelente e saborosa e √≥tima atendimento feito pelo gar√ßom Eduardo."
5 de novembro de 2021,50,"Comida, atendimento estrutura","Comida top fomos muito bem atendidos pelo Eduardo, super recomendo, m√∫sica clima, estrutura , bem legal msm"
5 de novembro de 2021,50,Visita com amigos,Ambiente excelente e √≥timo atendimento do Gar√ßom Eduardo! √ìtimo local para encontrar os amigos.Super indico!
5 de novembro de 2021,50,ALMO√áO,"Ambiente agrad√°vel, comida saborosa e o atendimento do Eduardo foi excelente! :) A lasanha √© espetacular"
4 de novembro de 2021,50,Muito agrad√°vel,Fui super bem atendido pelo Eduardo e fiquei muito satisfeito com o prato que escolhi. Camaro com catupiry e a til√°pia. Pratos leves e agrad√°veis.
3 de novembro de 2021,50,Almo√ßo executivo,A moqueca de arraia estava uma delicia! Restaurante com pratos √≥timos e ambiente muito agrad√°vel! E servi√ßo √≥timo do Eduardo üòâ
31 de outubro de 2021,50,Com Fam√≠lia,Local super agrad√°vel e muito aconchegante. Atendimento impec√°vel com o gar√ßom Eduardo. Recomendooo!
30 de outubro de 2021,50,Excelente!,"Excelente mesmo! Atendimento muito bom de todos, mas especialmente do Eduardo. Comida boa e pre√ßos justos! Musica excelente!"
29 de outubro de 2021,50,Excelente,"Excelente ambiente, comida, op√ß√µes para cel√≠acos e vegetarianos como eu e excelente atendimento do Sr Eduardo."
29 de outubro de 2021,40,Almo√ßo,Ambiente muito agrad√°vel! Atendente Eduardo muito atencioso! Comida muito boa!! Pescada amarela deliciosa!!!
29 de outubro de 2021,50,Gar√ßom simp√°tico e atencioso,"Muito bom. J√° conhecia a comida, sinto falta do self service Card√°pio saud√°vel e pratos bem feitos e bem servidos. Ambiente agrad√°vel."
28 de outubro de 2021,50,Almo√ßo com a musa,Atendimento de primeira. Eduardo atendeu a gente super bem. Clima muito agrad√°vel e a comida muito boa
27 de outubro de 2021,50,Almo√ßo,"Eu sou apaixonada por esse lugar ,√© meu restaurante preferido em Fortaleza. O atendimento √© maravilhoso,em especial ao Eduardo que me atendeu com muita simpatia e agilidade. Eu recomendo demais !!!!"
22 de outubro de 2021,50,Adoro!,"Ambiente lindo, m√∫sica agrad√°vel, comida gostosa e √≥timo atendimento do gar√ßom Eduardo! J√° frequento, trouxe uma amiga e pretendo voltar!"
22 de outubro de 2021,50,Prato executivo muito bem servido,"Excelente pratos executivos muito bem servidos, um ambiente excelente, com √≥timo atendimento do gar√ßom Eduardo."
21 de outubro de 2021,50,Agrad√°vel,Almo√ßo delicioso! Ambiente super agrad√°vel! Eduardo √≥timo atendimento. Muqueca de arraia deliciosa!!
21 de outubro de 2021,50,Almo√ßo casual,"Adoro o Sabores Org√¢nicos! Lugar muito tranquilo, agrad√°vel, boa m√∫sica, excelente culin√°ria e o atendimento sempre muito bom (hoje quem nos atendeu foi gar√ßom Eduardo, simp√°tico e muito atencioso). Recomendo! Um lugar de paz e vibe boa!"
20 de outubro de 2021,50,Jantar com amigos,"A entrada estava muito boa e o prato de fil√© ao gorgonzola tamb√©m! Alem disso, o gar√ßom Eduardo atendeu muito bem!"
20 de outubro de 2021,50,Jantar com os amigos,"O jantar foi excepcional, principalmente o atendimento do gar√ßom Eduardo. Foi algo muito leve e tranquilo."
20 de outubro de 2021,50,Perfeito,"Amei o risoto de cogumelos, gar√ßom Eduardo super simp√°tico e atencioso! Voltarei outras vezes com muito prazer"
20 de outubro de 2021,50,Excelente,Comida e atendimento muito bons! Em especial o atendimento do Eduardo. Indico os pratos Azul do Mar e Outono.
20 de outubro de 2021,50,Ambiente agrad√°vel,Comida muito saborosa. Atendimento do Eduardo muito bom!! Salm√£o com crosta de gergelim muito saboroso.
16 de outubro de 2021,50,Sabad√£o com as amigas,"Amei a experi√™ncia, comida muito boa!! Costumo sempre vir aqui!! Eduardo nos atendeu muito bem !!!!!"
16 de outubro de 2021,50,S√°bado com as amigas,"Amamos,o ambiente muito agrad√°vel,atendimento perfeito Com o Eduardo e a comida √© maravilhosa!Alem da m√∫sica que √© incr√≠vel!"
16 de outubro de 2021,50,√ìtima experi√™ncia,"Excelente comida, card√°pio com pre√ßos justos e o diferencial do atendimento do Eduardo! Voltarei com certeza!"
16 de outubro de 2021,50,Restaurante maravilhoso!,"O gar√ßom Eduardo atendeu extremamente bem, com muita educa√ß√£o e carisma. O ambiente √© maravilhoso e a comida tamb√©m. Os funcion√°rios do local em geral trabalham muito bem e a m√∫sica sensacional. Voltaremos com certeza √© iremos procurar o gar√ßom Eduardo!"
22 de setembro de 2021,50,Jantar.,"Excelente!!! Salada de salm√£o, pizzas e tudo aqui s√£o excelentes! Destaque para o gar√ßom Eduardo! Super gentil e atencioso! Parab√©ns ao estabelecimento! Nota 100000000!!!!"
8 de setembro de 2021,50,"Primeira vez no lugar, para jantar","Gar√ßom muito atencioso, Eduardo Ambiente muito agrad√°vel Comida deliciosa Card√°pio variado, op√ß√µes leves e diversas Op√ß√µes para veganos, com massas integrais, e sobremesa excelente"
8 de setembro de 2021,50,Jantar,"Ambiente bonito e aconchegante, comida gostosa (panequito) e gar√ßom muito simp√°tico, Eduardo! Cardapio variado tamb√©m, atende gostos variados"
25 de agosto de 2021,50,Almo√ßo em fam√≠lia,Almo√ßo agradabil√≠ssimo. Ambiente impec√°vel. Comida leve e saborosa √© um atendimento √≠mpar com o gar√ßom Eduardo.
25 de agosto de 2021,50,Tudor,"O ambiente √© muito bonzim, bem fresco, chei de prantinhas e a m√∫sica que toca no ambiente tamb√©m √© muito boa, s√≥ as selecionada. A comida √© tudor de bom, muito mermo, a cocada com sorvete ent√£o... Atendimento super legal. Adorei üòå"
20 de junho de 2021,50,M√∫sica leve e comida boa,Recomendo este lugar. M√∫sica instrumental num ambiente muito agrad√°vel. A comida tem um tempero leve e saboroso.
19 de junho de 2021,50,Ambiente agrad√°vel e comida excelente,"Pedimos o fettuccine com camar√£o ao brie, simplesmente divino. Fomos atendidos pelo Lucas e Eduardo, excelente atendimento."
19 de junho de 2021,50,Sabores Organicos,"Ambiente muito legal, comida maravilhosa. Dica, pe√ßam o Fettuccine com Camar√£o ao Brie. Fomos muito bem atendidos pelo Lucas e Eduardo."
19 de junho de 2021,50,Almo√ßo no s√°bado,"Vim por acaso ao restaurante (por um erro do Waze) e AMEI tudo: o local, a comida, o pre√ßo e o gar√ßom Eduardo. Tudo impec√°vel!"
7 de junho de 2021,50,Almo√ßo,"Pratos r√°pidos e deliciosos! Clima aconchegante e musica agrad√°vel, al√©m de um belo jardim! O Eduardo foi muito atencioso no atendimento!"
5 de junho de 2021,50,Sabadoo,"Eduardo gar√ßon muito atencioso, sempre solicito, ambiente agrad√°vel, pretendo voltar mais vezes pra prestigiar."
5 de junho de 2021,50,Muito bom,"Atendimento √≥timo do gar√ßom Eduardo com muita aten√ß√£o e rapidez. Qualidade da comida tamb√©m √© excelente! Sem contar tamb√©m que √© a comida √© feita bem r√°pido, ou seja, se estiver com fome e pressa, aqui √© o melhor lugar! Parab√©ns!"
10 de janeiro de 2021,40,Super aconchegante.,"Vale a pena um jantar rom√¢ntico l√°, pratos bem servidos, na entrada j√° est√°vamos meio que cheios, o valor compensa."
4 de janeiro de 2021,50,Quero ir jantar l√° todo noite,"Fui por indica√ß√£o de um amigo e amei. Local super charmoso e comida maravilhosa, a massa da pizza √© muito leve e gostosa. S√≥ o atendimento dos gar√ßons que demorava um pouco, mas todos bem educados."
31 de dezembro de 2020,50,Um charme de lugar!,"O local √© 10! Um charme por si s√≥. Os pratos s√£o gostosos, bem montados e apresentados, os sucos bem naturais. Fui no almo√ßo e estava muito agrad√°vel. N√£o h√° mais op√ß√£o de self service, apenas la carte. Quero voltar no jantar. Recomendo super!"
20 de novembro de 2020,50,Ambiente maravilhoso,"Lindo restaurante que tem como especialidade comida saud√°vel e natural. O card√°pio √© bem variado,a comida bem preparada e o atendimento r√°pido. Tem m√∫sica ao vivo nos fins de semana e os pre√ßos condizentes com a proposta do restaurante."
3 de outubro de 2020,40,"Comida excelente, poucos gar√ßons","Comida maravilhosa, card√°pio com pre√ßo acess√≠vel, ambiente acolhedor e aprzivel e diferenciado, por√©m visualizamos poucos gar√ßons trabalhando no sal√£o, o que comprometia atendimento. Por√©m ressalto que os poucos profissionais s√£o atencieosos e gentis! Deixo a sugest√£o para melhorar atendimento nesse sentido."
19 de mar√ßo de 2020,50,"Pedi delivery, chegou na hora.","Pedi delivery, chegou na hora. Com boa qualidade, boa quantidade e op√ß√µes super diferentes. Super recomendo o omelete de camar√£o con cream cheese. Mandam cupom fiscal."
30 de agosto de 2019,50,Amamos o Restaurante,"Comida deliciosa , ambiente agrad√°vel , sucos deliciosos . Tudo super fresco as saladas, e a pizza deliciosa"
8 de agosto de 2019,40,Atendimento,"Visitei o restaurante pela segunda vez, e como da primeira, o atendimento, o ambiente estava muito agrad√°vel."
27 de julho de 2019,30,Sem Cerveja Light,"A comida √© voltada para o estilo ""org√¢nico"" e tem uma √≥tima m√∫sica instrumental (quando est√° ao vivo), mas deveria ter cerveja LIGHT. Tentei dar a sugest√£o e fui simplesmente ignorado."
4 de fevereiro de 2019,40,√önico,"Ambiente com sabores e designe √∫nicos! Quando fomos na primeira vez fomos no antigo restaurante e desta mais recente vez em que fomos j√° fomos no novo ambiente... Recomendo... Lugar maravilhoso, comida espetacular e atendimento excelente..."
11 de dezembro de 2018,40,"Comida de qualidade, atendimento um pouco demorado!","Estivemos uma turma grande no restaurante, n√£o sei se foi esse problema mas tivemos muita demora nos pedidos e os gar√ßons se confundiam um pouco. Apesar da salada de salm√£o ter vindo deliciosa!"
12 de novembro de 2018,50,"Sofisticado, r√∫stico e saud√°vel!",Excelente para quem gosta de sofistica√ß√£o e comida saud√°vel. Ambiente que aconchega e apaixona. Amei
4 de outubro de 2018,40,Simples e agrad√°vel,"Ambiente agrad√°vel ao ar livre, sob a sombra das √°rvores. Comida gostosa e variada. N√£o s√≥ org√¢nico, pois tem algumas comidas a mais. M√∫sica ambiente, delicioso para almo√ßar naturalmente mas sem calor em Fortaleza"
25 de setembro de 2018,50,Sensacional,"Lugar sensacional, r√∫stico, excelente atendimento, comida organiza e super saborosa! A noite fica mais agrad√°vel ainda o lugar devido o ambiente rom√¢ntico. De dia servem almo√ßo self service. Pelo tipo de comida considero o valor de m√©dio para alto. Sucos naturais da fruta!"
7 de agosto de 2018,50,Paz,"Local que inspira paz e natureza, comida bem natural, bem servido, tranquilo, drinks bem variados, pre√ßo um pouco alto, mas tudo bem natural, a dois ou com a fam√≠lia, √© bem adequado."
2 de agosto de 2018,40,Ambiente tranquilo e variedades de comidas saud√°veis.,"conheci o espa√ßo a noite, lugar mais intimista, ilumina√ß√£o aconchegante, boa op√ß√£o para casais. O card√°pio tem op√ß√µes de pizzas, saladas e massas, incluindo op√ß√µes integrais e sem gl√∫ten. Nesta mesma noite havia musica ambiente no espa√ßo."
18 de junho de 2018,50,Ambiente e comida excelente,"Lugar aconchegante, decora√ß√£o linda, excelente op√ß√£o para comidas leves e saud√°veis. Um √≥timo lugar para casais."
1 de abril de 2018,50,√ìtimo Lugar para casais,Lugar bem aconchegante e com decora√ß√£o intimista. Pre√ßos altos mas que compensam pela √≥tima experi√™ncia. Gar√ßons atenciosos e bastante prestativos. Tempo de espera para as comidas relativamente curto e n√£o obrigam o cliente a dar os 10%. Amei e com certeza irei voltar!
30 de janeiro de 2018,40,Recomendo,"√ìtima op√ß√£o para uma comida mais leve: saladas, pizzas com massa integral, omeletes. O local e muito agrad√°vel."
25 de janeiro de 2018,40,Aconchegante e boa comida,"O local √© muito bonito e agrad√°vel com op√ß√£o de estar ao ar livre. Particularmente gostei muito da massa da pizza, √© realmente muito boa a proposta de ter algo mais natural nas op√ß√µes que a cidade oferece."
22 de janeiro de 2018,40,"Comida saud√°vel, ambiente aberto e preservado.","Boa culin√°ria saud√°vel em um ambiente aberto situado em um bairro populoso da cidade, preservando a hist√≥ria de um casar√£o datado o in√≠cio do s√©culo passado."
23 de novembro de 2017,50,Cada vez melhor!,Comidas saud√°veis e frescas e agora o card√°pio est√° com novas op√ß√µes super interessantes! Atendimento maravilhoso com o gar√ßom Rubem! Recomendo demais!
17 de novembro de 2017,50,"√ìtimo ambiente, muitas op√ß√µes de pratos saud√°veis e deliciosos","Pratos bem elaborados, com produtos org√¢nicos, deliciosos. Conta, tamb√©m, com self service no almo√ßo."
16 de setembro de 2017,30,Almo√ßo Self-service,"O ambiente √© interessante. Trata-se de uma casa que foi adaptada para receber o restaurante. Na hora do almo√ßo funciona como self-service e pela noite como restaurante de massa. Fui no hor√°rio de almo√ßo, a comida estava deliciosa!!!"
4 de setembro de 2017,30,Atendimento,Comida maravilhosa por√©m atendimento p√©ssimo. Gar√ßom muito inexperiente ficava se atrapalhando todo com os pedidos demora nos pratos
29 de agosto de 2017,30,Precisa melhorar o atendimento,"Adoro o ambiente, que √© uma mistura de lugar familiar (mesas ao redor da casa) com restaurante requintado e o card√°pio tamb√©m √© muito saboroso (comidas leves, produtos org√¢nicos e muito sabor), por√©m j√° fui mal atendida por duas vezes (muita demora)."
13 de agosto de 2017,40,Espetacular,"O ambiente √© muiiito agrad√°vel, arborizado e o atendimento muito bacana. Possui um card√°pio bastante vers√°til, capaz de satisfazer todos os gostos."
11 de julho de 2017,40,Pizza com sabor,"N√£o conhecia o novo endere√ßo. Ficou mais charmoso numa casa antiga estilo bangal√¥. Mesas pelo quintal , varanda e jardim. Servi√ßo bom e pizza saborosa. As entradas tamb√©m s√£o boas pedidas. Bom para confraternizar."
3 de maio de 2017,40,Ambiente agrad√°vel,"Ambiente reservado, boa musica e gar√ßons atenciosos. O espaguete lampi√£o √© muito bom, a massa estava no ponto que eu gosto, pena que um pouco frio. Recomendo para quem gosta de um ambiente tranquilo e reservado."
3 de maio de 2017,40,Ambiente agrad√°vel,"Ambiente bem agrad√°vel, bem reservado musica boa e gar√ßons atenciosos. Espaguete lampi√£o √© muito bom, o macarr√£o estava no ponto que eu gosto, pena que um pouco frio. Recomendo para quem como eu, gosta de um lugar mais reservado e tranquilo."
2 de maio de 2017,40,Pizza!,"O lugar tem um clima rom√¢ntico, devido a decora√ß√£o r√∫stica e a ilumina√ß√£o baixa. O card√°pio √© variado, com muitas op√ß√µes de pizzas (massa integral, fina e deliciosa) e sucos."
18 de abril de 2017,40,Atendimento e comida deliciosos,"Sempre que vou a Fortaleza, opto por esse restaurante pela qualidade de alimentos e atendimento oferecidos."
31 de mar√ßo de 2017,40,Almo√ßo organico,Sa√≠mos do Mercado Central e quer√≠amos um espa√ßo vegano e na busca achei esse restaurante que n√£o √© vegano mas serve bem pq tem v√°rias op√ß√µes no kilo. A comida tem excelente sabor e a equipe muito atenciosa ..
22 de mar√ßo de 2017,50,Tudo ao Natural,"O ambiente, a comida e o atendimento s√£o muito bons... Pratos e sucos naturais s√£o servidos em ambiente que nos remete √† natureza."
24 de janeiro de 2017,50,Muito bom!,Acho que fiquei mais encantada com o ambiente do que com a pizza em si. Um espa√ßo lindo e agrad√°vel! A pizza √© muito saborosa e o atendimento muito bom! Te deixam a vontade para pagar os 10% e n√£o imp√µem como alguns restaurantes.
24 de janeiro de 2017,50,Delicioso e calmo.,Exelente! Comida muito bem feita e saborosa! Ambiente interno e externo. O externo √© muito buc√≥lico pois a constru√ß√£o √© antiga com √°rvores. Tem tamb√©m uma venda de frutas e legumes org√¢nicos. Recomendo!
12 de janeiro de 2017,40,Lugar tranquilo e gostoso,"Adoro esse restaurante. O card√°pio tem mil op√ß√µes, mas adoro o spaguetti ao molho pesto, ent√£o acabo pedindo todo vez que vou l√°. O lugar √© tranquilo e espa√ßoso, bem democr√°tico, para todas as idades. Recomendo!!"
8 de janeiro de 2017,40,Lugar lindo,"Comemos pizza, muito boa. Massa integral sem ser muito fina, conseguimos comer com talheres. O lugar √© lindo e bem cuidado. Pena que o atendimento seja deficiente. Os gar√ßons s√£o sol√≠citos mas falta agilidade."
27 de novembro de 2016,40,Um espa√ßo amplo e muito agrad√°vel,"Um espa√ßo para ir com fam√≠lia, amigos ou a dois. Um card√°pio muito variado e diferente. Pre√ßo razo√°vel. Boas por√ß√µes. Sucos maravilhosos."
9 de novembro de 2016,50,Comida saud√°vel,"Eu fui no almo√ßo! A comida eh bem saud√°vel. Bem vegetariana! Tem op√ß√µes de carne mas s√£o limitadas. Eu achei excelente a comida, o ambiente e o atendimento. O valor eh alto. Mas eu voltaria com certeza!"
30 de outubro de 2016,50,Comida perfeita,"A comida √© maravilhosa, o atendimento √© perfeito e a localiza√ß√£o √© muito boa. Pra quem √© vegano ou vegetariano √© uma boa op√ß√£o porque eles oferecem no card√°pio muitas saladas e pizzas com massa integral."
15 de setembro de 2016,40,Lugar muito aconchegante,"Adorei o ambiente! O casar√£o √© muito bonito e o clima bem rom√¢ntico. As bruschetas e pizzas estavam deliciosas e o pre√ßo adequado. S√≥ n√£o gostei do suco de lim√£o, acho que bateram no loquidificador com a casca..."
5 de setembro de 2016,50,Maravilhoso,"Comida maravilhosa. Prato bem servido e pre√ßo √≥timo, d√° pra dividir pra duas pessoas se n√£o estiver com muita fome"
30 de agosto de 2016,40,Local agrad√°vel e comida gostosa,"Local bem agrad√°vel, com comidas saborosas a um pre√ßo acess√≠vel. √ìtimo para ocasi√µes especiais. A casa estilo castelo ao fundo tamb√©m √© bem bonita (e deveria ter seu espa√ßo interno aproveitado tamb√©m)."
26 de julho de 2016,30,Bom,"O local √© mais atrativo que tudo. O atendimento √© ok, existem v√°rias op√ß√µes de saladas e sucos. Os sucos s√£o bem bons. A pizza √© diferente, a massa √© integral,um pouco dura, o recheio √© bom."
25 de julho de 2016,10,A pior pizza que comi na minha vida,"Nossa o lugar tinha tudo para ser bom, uma casar√£o antigo feito de pedras por√©m a pizza √© um horror, uma massa integral que mais parece um biscoito velho duro e sem sabor, o recheio √© bom, mas a massa intrag√°vel."
24 de julho de 2016,30,Pizza boa,Fui ao restaurante e n√£o achei nada demais. Pizza boa mas n√£o a melhor que comi. Atendimento normal. Nada que me fizesse ficar impressionada.
15 de julho de 2016,50,Excel√™ncia em tudo!,"Local agrad√°vel, bom atendimento e comida excelente. Tudo isso voc√™ encontra no restaurante Sabores Org√¢nicos. Simplesmente amei a comida saborosa e saud√°vel, card√°pio variado, atendimento maravilhoso e pre√ßos √≥timos num ambiente super aconchegante!"
9 de julho de 2016,50,Boa comida saud√°vel,"√ìtima op√ß√£o para quem procura alimenta√ß√£o saud√°vel e de qualidade. Al√©m da √≥tima comida, conta com um ambiente diferenciado e agrad√°vel. Recomendo."
1 de julho de 2016,40,Diferenciado,"Os ingredientes s√£o muito saborosos e de √≥tima qualidade. A pizza deles, com massa integral, surpreende. √â um dos bons lugares pra se conhecer em Fortaleza."
29 de junho de 2016,50,Encontro,Excelente local para encontrar algu√©m que vc queira impressionar... √ìtimas op√ß√µes de pratos e vinhos.... Super indico...
9 de junho de 2016,40,Diferenciado/ Tenha tempo,"Se voc√™ estiver procurando uma comida de qualidade, diferentee cheia de requinte pode ir, mais fique sabendo de ante m√£o que vai ser um teste de paciencia, mais no final at√© que vale a pena."
7 de junho de 2016,50,Sempre que posso vou,"O ambiente √© maravilhoso, as saladas, massas e principalmente o pastel de ricota com alho por√≥ s√£o muito bons. A dedica√ß√£o da Mar√≠lia e o treinamento constante dos funcion√°rios que s√£o atenciosos faz a diferen√ßa."
25 de maio de 2016,50,Muito bom mesmo!,"Maravilhoso, a decora√ß√£o do lugar √© super agrad√°vel, para quem gosta de um local agrad√°vel e aconchegante. O sabor da comida √© espetacular. Vale muito a pena. Al√©m de tudo ser org√¢nico. Amei e super indico."
24 de maio de 2016,50,Natural com gosto!!,"Restaurante de comida org√¢nica e natural, mas tudo com muuuito sabor!! Com op√ß√£o da deliciosa pizza de massa integral, sucos e saladas. Mas a pizza √© campe√£!!"
16 de maio de 2016,30,Demora demais!,"Infelizmente me decepcionei com a demora do prato. Pedi uma salada... Alface, tomate, camar√£o... Demorou mais de uma hora! Estava boa, suco gostoso, mas √† espera intermin√°vel faz a gente repensar. Quem quiser conhecer, pe√ßa uma massa integral pra ver se tem mais sorte"
25 de abril de 2016,50,Muito bom,comida muito gostosa. Op√ß√µes sem gluten e lactose.Massas integrais. Boas pizzas. Lugar agrad√°vel.Servi√ßo muito bom.
24 de abril de 2016,50,Excelente,"Comida maravilhosa, ambiente agrad√°vel e aconchegante. Op√ß√µes para intolerantes √† lactose, sem falar que ainda tem um feirinha de org√¢nicos. Imperd√≠vel!"
14 de abril de 2016,40,Comida boa e leve,Otimi restaurante de comidas saudaveis. Pre√ßo justo. Todas as pizzas sao integrais e massas tamb√©m. Otimas op√ß√µes para jantar.
14 de abril de 2016,50,COMIDA SAUD√ÅVEL,"Pre√ßo justo, ambiente agrad√°vel, comida excelente. Variedades no card√°pio.Local rom√¢ntico e de bom gosto."
9 de abril de 2016,40,Bacana,"Restaurante aconchegante, mesas ao ar livre e clima agradavel. As coisas s√£o muito boas, diferentes e as pizzas tem sabores super diversos. O pre√ßo √© meio salgado, mas vale a pena."
4 de abril de 2016,50,Comida saudavel,"Comidas diferenciadas, saudaveis e oraganicas. Um local interessante para quem curte esse lance de alimentacao saudavel, fitness. O Obama, gar√ßon, atende muito bem!"
3 de abril de 2016,40,Comida saud√°vel,"Lugar extremamente agradavel. Panechito, massa integral parecida com crepe, muito saboroso. Uma certa demora na chegada dos pedidos. Destaque pro atendimento do gar√ßom Obama, sempre atencioso e educado."
21 de mar√ßo de 2016,30,Agrad√°vel,Ambiente r√∫stico e agrad√°vel. Espa√ßo de quintal transformado em espa√ßo para mesas ao ar livre. Card√°pio variado.
17 de mar√ßo de 2016,40,Ambiente e m√∫sica agrad√°veis,"Local aberto e agrad√°vel, com espa√ßo verde e decora√ß√£o r√∫stica. Comida saborosa (pedimos brusquetta, lasanha bolonhesa e sucos) pratos individuais com pre√ßos medianos. Cumpre a proposta de alimenta√ß√£o mais natural e saud√°vel, com amplo card√°pio de sucos."
29 de fevereiro de 2016,50,Org√¢nico saboroso!!,"Ambiente, atendimento e comida de excelente qualidade. Lugar bastante aconchegante! Gar√ßons atenciosos (principalmente o Obama). A comida √© muito boa e bem servida!"
21 de fevereiro de 2016,40,Um lugar lindo para os amantes de comida saud√°vel.,"Excelente ambienta√ß√£o, em um local que parece um jardim, com muitas plantas, fonte de √°gua e decora√ß√£o aconchegante. Comida excelente, sou vegetariana e tinha v√°rias op√ß√µes no card√°pio. No local tem tamb√©m uma lojinha que vende produtos org√¢nicos, doces e temperos. Adorei ir l√°! Recomentdo!"
31 de janeiro de 2016,50,Excelente op√ß√£o para quem curti comida org√¢nica,"Ambiente agradabil√≠ssimo, bem arborizado e conta com uma lojinha de produtos naturais (achei muito legal)! Al√©m do √≥timo atendimento (fui atendida pelo gar√ßom Rafael), a comida √© maravilhosa, √≥timas op√ß√µes de massas e pizza. Recomendo e com certeza irei voltar mais vezes. =)"
23 de janeiro de 2016,50,Saud√°vel,"Pra quem n quer sair da dieta ou prefere comidas saud√°veis, organiza-se e Com muitas op√ß√µes.. Esse √© o lugar certo! Pratos, saladas e camar√£o pra quem ama pode ir!! Recomendo"
5 de janeiro de 2016,40,Agrad√°vel,"O ambiente √© muito agrad√°vel, bem rustico. Experimentei algumas pizzas e estavam boas. Por√©m o suco de beterraba com laranja estava delicioso! Um lugarzinho onde voc√™ pode ir com namorado, fam√≠lia e amigos."
4 de janeiro de 2016,40,Pizza deli,Muito boa a pizza integral! Massa crocante! Mas acreditava q era restaurante org√¢nico . Surpreendeu em saber q o prato mais pedido Eh o espaguete de carne do sol
2 de janeiro de 2016,40,Org√¢nico com Sabor,"Ambiente muito agrad√°vel, bom pra namorar e saborear massas e saladas. Tudo muito gostoso e principalmente org√¢nico, natural."
3 de dezembro de 2015,50,Tudo muito bom,"Um ambiente super aconchegante, r√∫stico, com direito a peixinhos, luz baixa e comida saud√°vel. Optamos por um pizza cm massa integral, muito saborosa e crocante. Existe ainda um mini mercado na entrada com muitos produtinhos org√¢nicos e saud√°veis.. Achei o m√°ximo"
11 de novembro de 2015,50,alimenta√ß√£o saudavel,"N√£o deixe de conhecer esse lindo restaurante com decora√ß√£o r√∫stica, agrad√°vel e aconchegante. Atendimento muito bom, card√°pio e bebidas variadas. H√° uma loja h√° de produtos saud√°veis e org√¢nicos. Local para fam√≠lia, amigos e casais."
7 de novembro de 2015,50,Sabor e astral,"Lugar super agrad√°vel, cheio de √°rvores e plantas, com atendimento excelente. Os sabores deliciosos cheios de qualidade. Imperd√≠vel incr√≠vel e sabores deliciosos, cheios de qualidade"
27 de outubro de 2015,40,sabor saud√°vel,"ambiente muito agrad√°vel, bom atendimento, excelente as pizzas. √≥tima op√ß√£o para quem busca uma alimenta√ß√£o saud√°vel. lojinha com produtos org√¢nico e as ter√ßas e sextas tem ferinha com frutas e verduras org√¢nicas. a pizza de abobrinha √© uma delicia."
18 de outubro de 2015,40,Org√¢nico mesmo,"Diferente por ter os produtos org√¢nicos , se voc√™ est√° nessa de alimenta√ß√£o saud√°vel e etc, este √© o lugar , aconchegante , pre√ßos razo√°veis , seja paciente com atendimento , mas a comida e boa ."
26 de setembro de 2015,40,Show!,"Ambiente muito agrad√°vel, comidas muito bem temperadas e saud√°veis, bom ir la para que quer uma alimenta√ß√£o saud√°vel, recomendo!"
6 de agosto de 2015,50,SABORES ORG√ÇNICOS TUDO DE BOM,"Fomos convidados por casal de amigos para sua festa de anivers√°rio no Restaurante Sabores Org√¢nicos. Ficamos surpresos pela simplicidade e ao mesmo tempo o aconchego do local, a proposta √© literalmente realizar a sua festa num quintal, acompanhado de uma saborosa e farta alimenta√ß√£o saud√°vel."
4 de agosto de 2015,50,√önico e agrad√°vel,"Um local muito especial, rom√¢ntico, me surpreendi muito, bela decora√ß√£o, lojinha de org√¢nicos, excelente comida e atendimento"
19 de julho de 2015,50,Recomendo,"Cardapio com variedade √≥tima e uma carta de vinhos muito bacana, al√©m do ambiente que √© fant√°stico, r√∫stico √© super agrad√°vel. Recomendo!"
13 de julho de 2015,40,"Boa, mas nada demais","Comida razo√°vel, nada surpreendente. O Ambiente √© lindo e acolhedor. Pedi uma pizza para entregar em casa e veio dura e gelada."
11 de julho de 2015,40,Excelente salada e massa,"Comida saud√°vel, ambiente agrad√°vel e tranq√ºilo, bons pratos de salada e macarr√£o integral. Sucos bacanas. O pre√ßo poderia ser um pouco melhor."
8 de julho de 2015,50,Aconchegante,"Comida deliciosa, bem preparada. Delivery super r√°pido e espa√ßo f√≠sico do restaurante aconchegante. Sempre vou de spaghetti mas as pizzas integrais tamb√©m s√£o √≥timas."
4 de julho de 2015,40,O diferente que Fortaleza precisava,"Muito Boa Comida, gar√ßom prestativo, ambiente calmo e aconchegante. Pedimos (casal) um pastel de forno com salada, um panequito 4 queijos com peperoni, um pastel de forno e um suco de uva. Tudo muito gostoso. Voltaremos mais vezes!"
7 de junho de 2015,40,Sabor & Sa√∫de,"O restaurante Sabores Organicos consegue a proeza de ter um alimento saud√°vel, com um sabor inigual√°vel. Sem falar no ambiente muito agrad√°vel e atendimento muito pr√≥ximo da perfei√ß√£o. Os funcionarios s√£o muito bem treinados!"
6 de junho de 2015,50,Um dos meus restaurantes prediletos,"Al√©m da comida excelente, leve e bem trabalhada, temos o ambiente bem agrad√°vel e rom√¢ntico. √ìtimo para um jantar de casal. :)"
24 de abril de 2015,50,√ìtima comida e √≥timo ambiente,"A comida toda org√¢nica, saborosa e integral. Vale muito a pena conhecer e pedir uma pizza de abobrinha!"
27 de mar√ßo de 2015,50,Pizza incr√≠vel,"Pizzas muito boas, com temperos na medida. A de lombinho com mango chutney √© uma √≥tima pedida. Ambiente super agrad√°vel."
15 de mar√ßo de 2015,40,Local Agrad√°vel e Boa comida,"O Sabores Org√¢nicos possui um ambiente tranquilo e me aconchegante. Cardapio com boa variedade de pizzas e massas. Destaque para os sucos. Possui uma decora√ß√£o simples, mas muito bem estruturado. Otimo atendimento. Indico e retornarei."
8 de mar√ßo de 2015,50,Ambiente simples e mto agrad√°vel,"Ambiente simples, aconchegante e muito agrad√°vel. Arborizado e com uma pizza muito saborosa. L√° tudo tende a ser voltado para o lado natural. Super indico!"
28 de fevereiro de 2015,50,Muito bom,"Restaurante muito bom, funcion√°rios dedicados e que trabalham em parceria, a comida √© espetacular e no final ainda podemos levar produtos para consumir em casa!!!!"
24 de fevereiro de 2015,40,Coma sem culpa,"Deliciosa pizza feita com massa integral, super crocante e gostosa. Sabores variados. Ambiente simples e aconchegante. Os pre√ßos s√£o um pouco altos.Grande variedade de sucos. Muito bom."
23 de fevereiro de 2015,40,Comida saud√°vel e gostosa,"Excelente local, funcion√°rios muito prestativos e ambiente intimista. As pizzas s√£o de massa integral, o que deixa a pizza mais crocante, experimentei a de peito de peru com chutney e quatro queijos e gostei muito. Vale a pena experimentar os sucos tamb√©m!"
3 de fevereiro de 2015,40,Muito bom!,"Comida extremamente saud√°vel e gostosa. Bom atendimento. Dica: depois do jantar v√° a lojinha de produtos, apesar de os pre√ßos serem um pouco salgados, h√° √≥timas op√ß√µes."
27 de dezembro de 2014,50,Sabor e sa√∫de,"Ingredientes saud√°veis e sabores especiais em um ambiente agrad√°vel e r√∫stico. Em uma rua tranquila, o Sabores Org√¢nicos conta com uma lojinha de produtos org√¢nicos. Experimente a pizza de palmito, uma del√≠cia."
28 de novembro de 2014,50,Deliciosa comida saud√°vel!,"Del√≠cia de comida saud√°vel. Funcion√°rio atencioso, pre√ßos atrativos e comida feita com carinho. A casa oferece a op√ß√£o de feirinha de produtos org√¢nicos! Recomendo!"
23 de setembro de 2014,50,Delicia para quem procura pratos saud√°veis e naturais!!!,"Recomendo !!! Ambiente muito aconchegante, comida excelente pois s√£o todas feita com massas integrais e org√¢nicas, e na frente do cliente e ainda tem uma loja com produtos, √© uma casa antiga em meio a pr√©dios muito bom mesmo..."
22 de setembro de 2014,40,Para ser saud√°vel,"O ambiente √© um primor: os jardim e quintal de uma casa antiga do bairro Aldeota. Destaque para as pizzas e massas, feitas com farinha integral. No local, tamb√©m funciona um mercado de produtos saud√°veis, com frutas e legumes org√¢nicos."
8 de setembro de 2014,40,Sabores org√¢nicos,"Agrad√°vel, conta com uma decora√ß√£o bonita. Programa√ß√£o para a fam√≠lia nos fim de semana. N√£o deixem de pedir a pizza. Tb tem massas no card√°pio. Uma alternativa para Fortaleza."
23 de junho de 2014,40,Restaurante - venda de org√¢nicos,"O ambiente √© √≠mpar, n√£o tem igual. √â como estar em casa, sob a copa de um tamarineiro. Al√©m do mais a comida √© muito gostosa e saud√°vel. Pra completar as ter√ßas-feiras tem feira de org√¢nicos fresquinhos. A lojinha tamb√©m √© muito sortida."
18 de junho de 2014,50,Surpresa em Fortaleza!,"Ultrapassada a barreira do mal humor do gar√ßom, a comida √© uma del√≠cia, com muitas variedades de pratos e sucos. O local √© de f√°cil acesso, e uma boa sa√≠da para quem gosta ou precisa de comer de forma saud√°vel, sem abrir m√£o do sabor."
18 de maio de 2014,30,Comida boa!,"Ambiente aconchegante e atendimento bom. Comida bastante saborosa, vem uma boa quantidade e pre√ßo bem acess√≠vel. √ìtimo pra quem est√° de dieta e quem n√£o est√° tb! S√≥ achei que faltou um sonzinho ambiente e a decora√ß√£o est√° um pouco velha... No mais, td bom!"
8 de abril de 2014,50,Comida leve e gostosa,"O ambiente √© muito agradavel, com uma decora√ß√£o intimista e aconchegante que deixa os clientes muito a vontade. oferece pizza e sucos naturais a pre√ßos acessiveis."
31 de mar√ßo de 2014,30,"A proposta √© boa, mas falta muitas comidas do card√°pio","O espa√ßo f√≠sico √© bom e a lojinha de produtos org√¢nicos √© fofa, comprei um doce de goiaba maravilhoso. Entretanto, tr√™s dos produtos do card√°pio n√£o tinham no momento, nada de sopa, pastel e isso gerou uma certa chatea√ß√£o. Gosto bastante dos sucos."
